IMAGE\LABEL,bare_soil,building,court,field,grass,greenhouse,landslide,pavement,semi_arid_grassland,tree,water
ddfgf20157,1,0,0,0,1,0,0,0,0,0,0
ddfgf20167,1,1,0,0,0,0,0,0,0,1,0
ddfgf20190,1,1,0,0,1,0,0,0,0,1,0
ddfgf20192,1,0,1,0,1,0,0,0,0,0,0
ddfgf20199,1,1,0,0,0,0,0,0,0,0,0
ddfgf20211,1,1,0,0,0,0,0,1,0,1,0
ddfgf20224,1,0,0,0,0,0,0,0,0,1,0
dhzgf20145,1,0,0,0,1,0,0,0,0,1,0
dhzgf20146,1,0,0,1,0,0,0,0,0,1,0
dhzgf20147,1,0,0,0,0,0,0,0,0,1,0
dhzgf20150,1,0,0,0,0,0,0,0,0,0,0
dhzgf20151,1,1,0,0,0,0,0,0,0,0,0
dhzgf20153,1,1,0,0,0,0,0,0,0,0,0
djsgf20130,1,1,0,0,0,0,0,0,0,0,0
dnygf20091,1,0,0,0,0,0,0,0,0,1,0
dnygf20092,1,1,0,0,0,0,0,0,1,1,0
dnygf20095,1,0,0,1,0,0,0,0,0,1,0
dnygf20096,1,1,0,1,0,0,0,0,0,1,0
dnygf20100,1,1,0,1,0,0,0,0,0,0,0
dnygf20101,1,0,0,0,0,0,0,0,0,0,0
dnypl15009,1,0,0,0,0,0,0,0,0,0,0
dnypl15013,1,1,0,1,1,0,0,0,0,0,0
dnypl15022,1,0,0,1,0,0,0,0,0,0,0
dnypl15023,1,0,0,1,0,0,0,0,0,1,0
dnypl15029,1,0,0,1,0,0,0,0,1,1,0
dnypl15037,1,0,0,1,0,0,0,0,0,1,0
dnypl15046,1,0,0,0,0,0,0,0,0,1,0
dqxgpl15108,1,0,0,1,0,0,0,0,0,1,0
dzjwv15235,1,0,0,1,0,0,0,0,0,1,0
dzjwv15246,1,0,0,1,1,0,0,0,0,0,0
dzjwv15257,1,1,0,0,0,0,0,0,0,1,0
dzjwv15296,1,0,0,0,0,0,0,0,0,1,0
dzjwv15297,1,0,0,0,0,0,0,0,0,1,0
fyb10001,1,0,0,1,1,0,0,0,0,1,0
fyb11151,1,0,0,1,0,0,0,0,0,0,0
fyb11176,1,0,0,1,0,0,0,0,0,0,0
fyb11185,1,0,0,0,0,0,0,0,0,1,0
fyb11404,1,0,0,1,0,0,0,0,0,1,0
fyb11406,1,0,0,1,1,0,0,0,0,1,0
fyb11503,1,0,0,0,1,0,0,0,0,1,0
fyb11511,1,0,0,1,0,0,0,0,0,0,0
fyb11545,1,0,0,1,0,0,0,0,0,1,0
fyb11563,1,0,0,1,0,0,0,0,0,1,0
fyb11589,1,0,0,1,0,0,0,0,0,1,0
fyb11601,1,0,0,1,1,0,0,0,0,0,0
fyb11692,1,0,0,1,1,0,0,0,0,1,0
fyb10280,1,0,0,1,0,0,0,0,0,1,0
fyb10284,1,1,0,1,0,0,0,0,0,1,0
fyb10290,1,0,0,1,0,0,0,0,0,1,0
fyb10305,1,0,0,1,0,0,0,0,0,0,0
fyb10309,1,1,0,1,0,0,0,0,0,1,0
fyb10317,1,0,0,1,0,0,0,0,0,1,0
fyb10318,1,1,0,1,0,0,0,0,0,1,0
fyb10321,1,0,0,1,0,0,0,0,0,1,0
fyb10327,1,1,0,1,0,0,0,0,0,1,0
fyb10330,1,0,0,0,0,0,0,0,0,1,0
fyb10339,1,1,0,1,0,0,0,0,0,0,0
fyb10344,1,1,0,1,0,0,0,0,0,1,0
fyb10359,1,0,0,1,0,0,0,0,0,1,0
fyb10363,1,0,0,1,0,0,0,0,0,0,0
fyb10373,1,1,0,1,0,0,0,0,0,0,0
fyb10380,1,0,0,1,1,0,0,0,0,0,0
fyb10382,1,0,0,1,0,0,0,0,0,0,0
fyb10386,1,1,0,1,1,0,0,0,0,0,0
fyb10389,1,0,0,1,0,0,0,0,0,0,0
fyb10393,1,0,0,1,0,0,0,0,1,0,0
fyb10404,1,1,0,1,0,0,0,0,0,0,0
fyb10412,1,0,0,1,0,0,0,0,0,1,0
fyb10418,1,0,0,1,0,0,0,0,1,0,0
fyb10426,1,1,0,1,0,0,0,0,0,1,0
fyb10427,1,1,0,1,0,0,0,0,0,1,0
fyb10428,1,1,0,1,0,0,0,0,0,1,0
fyb10445,1,1,0,1,0,0,0,0,0,0,0
fyb10458,1,1,0,1,0,0,0,0,0,0,0
fyb10480,1,0,0,0,1,0,0,0,0,0,0
fyb10485,1,1,0,0,0,0,0,0,0,1,0
fyb10500,1,0,0,1,0,0,0,0,0,0,0
fyb10527,1,0,0,1,0,0,0,0,0,1,0
fyb10661,1,0,0,1,0,0,0,0,0,1,0
fyb10675,1,0,0,1,0,0,0,0,0,0,0
fyb10781,1,0,0,0,0,0,0,0,0,1,0
fyb10840,1,1,0,1,0,0,0,0,0,0,0
fyb10991,1,0,0,1,0,0,0,0,0,1,0
fyb10998,1,1,0,1,0,0,0,0,0,1,0
ddfgf20161,0,1,0,1,0,0,0,0,0,1,0
ddfgf20166,0,1,0,1,0,0,0,0,0,1,0
ddfgf20173,0,1,0,1,0,0,0,0,0,0,0
ddfgf20191,0,1,0,1,0,0,0,0,0,1,0
ddfgf20206,0,1,0,1,0,0,0,0,0,1,0
ddfgf20229,0,1,0,0,0,0,0,0,0,0,0
ddfgf20230,0,1,0,0,0,0,0,0,0,0,0
dhzgf20143,0,1,0,1,0,0,0,0,0,0,0
dhzgf20144,0,1,0,0,0,0,0,0,0,1,0
djsgf20126,0,1,0,1,0,0,0,0,0,1,0
dnygf20087,0,1,0,1,0,0,0,0,0,1,0
dnypl15008,0,1,0,1,0,0,0,0,0,1,0
dnypl15025,0,1,0,1,0,0,0,0,0,0,0
dnypl15036,0,1,0,1,0,0,0,0,0,0,0
dnypl15040,0,1,0,1,0,0,0,0,0,0,0
dnypl15042,0,1,0,0,0,0,0,0,0,0,0
dnypl15068,0,1,0,1,0,0,0,0,0,0,0
dnypl15086,0,1,0,1,0,0,0,0,0,1,0
dqxgpl15111,0,1,0,0,0,0,0,0,0,0,0
dqxwv15123,0,1,0,0,0,0,0,0,0,1,0
dwnpl15132,0,1,0,0,0,0,0,1,0,0,0
dzjwv15239,0,1,0,0,0,0,0,0,0,1,0
dzjwv15248,0,1,0,0,0,0,0,0,0,0,0
dzjwv15250,0,1,0,1,0,0,0,0,0,1,0
dzjwv15252,0,1,0,1,0,0,0,0,0,0,0
dzjwv15253,0,1,0,1,0,0,0,0,0,0,0
dzjwv15262,0,1,0,1,0,0,0,0,0,1,0
dzjwv15283,0,1,0,1,0,0,0,0,0,1,0
dzjwv15285,0,1,0,1,0,0,0,0,0,1,0
fyb10003,0,1,0,0,0,0,0,0,0,1,0
fyb10004,0,1,0,0,0,0,0,0,0,1,0
fyb10008,1,1,0,1,0,0,0,0,0,1,0
fyb10013,0,1,0,1,0,0,0,0,0,1,0
fyb10017,0,1,0,1,0,0,0,0,0,1,0
fyb10018,0,1,0,1,0,0,0,0,0,1,0
fyb10019,0,1,0,1,0,0,0,0,0,1,0
fyb10026,0,1,0,0,0,0,0,0,0,1,0
fyb10027,1,1,0,1,0,0,0,0,0,1,0
fyb10028,0,1,0,1,0,0,0,0,0,0,0
fyb10039,0,1,0,1,0,0,0,0,0,1,0
fyb10046,0,1,0,1,0,0,0,0,0,1,0
fyb10055,0,1,0,1,0,0,0,0,0,1,0
fyb10073,0,1,0,1,0,0,0,0,0,0,0
fyb10074,0,1,0,1,0,0,0,0,0,0,0
fyb10075,0,1,0,1,0,0,0,0,0,1,0
fyb10089,0,1,0,1,0,0,0,0,0,1,0
fyb10105,0,1,0,0,0,0,0,0,0,1,0
fyb10119,0,1,0,0,0,0,0,0,0,1,0
fyb10139,0,1,0,1,0,0,0,0,0,1,0
fyb10164,0,1,0,1,0,0,0,0,0,0,0
fyb10177,0,1,0,1,0,0,0,0,0,1,0
fyb10179,0,1,0,1,0,0,0,0,0,1,0
fyb10238,0,1,0,1,0,0,0,1,0,1,0
fyb10242,0,1,0,1,0,0,0,1,0,0,0
fyb10251,0,1,0,1,0,0,0,0,0,1,0
fyb10252,0,1,0,1,0,0,0,0,0,1,0
fyb10261,0,1,0,1,0,0,0,0,0,1,0
fyb10265,0,1,0,1,0,0,0,0,0,1,0
fyb10304,1,1,0,1,0,0,0,0,0,1,0
fyb10313,0,1,0,1,0,0,0,0,0,1,0
fyb10314,0,1,0,1,0,0,0,0,0,1,0
fyb10322,0,1,0,1,0,0,0,0,0,1,0
fyb10324,0,1,0,1,0,0,0,0,0,1,0
fyb10328,0,1,0,1,0,0,0,0,0,1,0
fyb10335,1,1,0,1,0,0,0,0,0,1,0
fyb10336,1,1,0,1,0,0,0,0,0,1,0
fyb10337,0,1,0,1,0,0,0,0,0,1,0
fyb10338,0,1,0,1,0,0,0,0,0,0,0
fyb10340,0,1,0,1,0,0,0,0,0,0,0
fyb10341,0,1,0,1,0,0,0,0,0,1,0
fyb10343,0,1,0,1,0,0,0,0,0,1,0
fyb10368,1,1,0,1,0,0,0,0,0,1,0
fyb10369,0,1,0,1,0,0,0,0,0,1,0
fyb10395,0,1,0,1,0,0,0,0,0,1,0
fyb10399,0,1,0,1,0,0,0,0,0,0,0
fyb10401,0,1,0,1,0,0,0,0,0,0,0
fyb10402,0,1,0,1,0,0,0,0,0,1,0
fyb10411,0,1,0,1,0,0,0,0,0,1,0
fyb10422,0,1,0,1,0,0,0,0,0,0,0
fyb10423,0,1,0,1,0,0,0,0,0,1,0
fyb10432,0,1,0,1,0,0,0,0,0,1,0
fyb10433,0,1,0,1,0,0,0,0,0,1,0
fyb10442,0,1,0,1,0,0,0,0,0,1,0
fyb10455,0,1,0,1,0,0,0,0,0,1,0
fyb10456,0,1,0,1,0,0,0,0,0,1,0
fyb10469,0,1,0,1,0,0,0,0,0,1,0
fyb10479,0,1,0,1,0,0,0,0,0,1,0
fyb10481,0,1,0,1,1,0,0,0,0,0,0
fyb10482,0,1,0,1,1,0,0,0,0,0,0
fyb10483,0,1,0,1,1,0,0,0,0,0,0
fyb10489,0,1,0,1,0,0,0,0,0,0,0
fyb10492,0,1,0,1,0,0,0,0,0,0,0
fyb10497,0,1,0,1,0,0,0,0,0,0,0
fyb10509,0,1,0,1,0,0,0,1,0,0,0
fyb10510,0,1,0,1,0,0,0,0,0,0,0
fyb10512,0,1,0,1,0,0,0,0,0,0,0
fyb10513,0,1,0,1,0,0,0,0,0,0,0
fyb10514,0,1,0,1,0,0,0,0,0,0,0
fyb10515,0,1,0,1,0,0,0,0,0,0,0
fyb10516,0,1,0,1,0,0,0,0,0,0,0
fyb10523,0,1,0,1,0,0,0,0,0,0,0
fyb10541,0,1,0,1,0,0,0,0,0,0,0
fyb10542,0,1,0,1,0,0,0,0,0,0,0
fyb10545,0,1,0,1,0,0,0,0,0,0,0
fyb10554,0,1,0,1,0,0,0,0,0,0,0
fyb10557,0,1,0,0,0,0,0,0,0,0,0
fyb10573,0,1,0,1,0,0,0,0,0,0,0
fyb10575,1,1,0,1,0,0,0,0,0,0,0
fyb10578,0,1,0,1,0,0,0,0,0,0,0
fyb10581,0,1,0,1,0,0,0,0,0,0,0
fyb10582,0,1,0,0,0,0,0,0,0,0,0
fyb10586,0,1,0,1,0,0,0,1,0,0,0
fyb10593,0,1,0,1,0,0,0,1,0,0,0
fyb10601,0,1,0,1,0,0,0,1,0,0,0
fyb10617,0,1,0,1,0,0,0,0,0,0,0
fyb10653,0,1,0,0,1,0,0,0,0,0,0
fyb10672,0,1,0,0,1,0,0,0,0,0,0
fyb10673,0,1,0,0,1,0,0,0,0,0,0
fyb10677,0,1,0,1,0,0,0,0,0,0,0
fyb10680,0,1,0,0,0,0,0,0,0,0,0
fyb10691,0,1,0,0,1,0,0,0,0,0,0
fyb10719,0,1,0,0,1,0,0,0,0,0,0
fyb10748,0,1,0,0,1,0,0,0,0,0,0
fyb10762,0,1,0,1,0,0,0,0,0,0,0
fyb10765,0,1,0,0,1,0,0,0,0,0,0
fyb10766,0,1,0,1,0,0,0,0,0,0,0
fyb10767,0,1,0,0,0,0,0,0,0,0,0
fyb10784,0,1,0,1,0,0,0,0,0,0,0
fyb10787,0,1,0,1,0,0,0,0,0,0,0
fyb10797,0,1,0,1,0,0,0,0,0,0,0
fyb10799,0,1,0,1,0,0,0,0,0,0,0
fyb10800,0,1,0,1,0,0,0,0,0,0,0
fyb10801,1,1,0,1,0,0,0,0,0,0,0
fyb10808,0,1,0,1,0,0,0,0,0,0,0
fyb10814,0,1,0,1,0,0,0,0,0,0,0
fyb10818,0,1,0,1,0,0,0,0,0,0,0
fyb10822,0,1,0,1,0,0,0,0,0,0,0
fyb10823,0,1,0,1,0,0,0,0,0,0,0
fyb10834,0,1,0,1,0,0,0,0,0,0,0
fyb10836,0,1,0,1,0,0,0,0,0,0,0
fyb10850,0,1,0,1,0,0,0,0,0,0,0
fyb10865,0,1,0,1,0,0,0,0,0,0,0
fyb10867,0,1,0,1,0,0,0,0,0,0,0
fyb10871,0,1,0,1,0,0,0,0,0,0,0
fyb10872,1,1,0,1,0,0,0,0,0,0,0
fyb10874,0,1,0,1,0,0,0,0,0,0,0
fyb10879,0,1,0,1,0,0,0,0,0,0,0
fyb10889,0,1,0,0,1,0,0,0,0,0,0
fyb10900,0,1,0,1,0,0,0,0,0,0,0
fyb10903,0,1,0,1,0,0,0,0,0,0,0
fyb10906,0,1,0,1,0,0,0,0,0,0,0
fyb10943,0,1,0,1,0,0,0,0,0,0,0
fyb10944,0,1,0,1,0,0,0,0,0,0,0
fyb10947,0,1,0,0,0,0,0,0,0,0,0
fyb10954,0,1,0,0,0,0,0,0,0,0,0
fyb10969,1,1,0,1,0,0,0,0,0,0,0
fyb10970,0,1,0,1,0,0,0,0,0,0,0
fyb10974,0,1,0,1,0,0,0,0,0,0,0
fyb10985,0,1,0,1,0,0,0,0,0,0,0
fyb10988,0,1,0,1,0,0,0,0,0,0,0
fyb11006,0,1,0,1,0,0,0,0,0,0,0
fyb11015,0,1,0,1,0,0,0,0,0,0,0
fyb11041,0,1,0,1,0,0,0,0,0,0,0
fyb11042,0,1,0,1,0,0,0,0,0,0,0
fyb11057,0,1,0,1,0,0,0,0,0,0,0
fyb11058,1,1,0,0,0,0,0,0,0,0,0
fyb11062,0,1,0,1,0,0,0,0,0,0,0
fyb11078,0,1,0,1,0,0,0,0,0,0,0
fyb11122,0,1,0,1,0,0,0,0,0,0,0
fyb11146,0,1,0,1,0,0,0,0,0,0,0
fyb11154,0,1,0,1,0,0,0,0,0,0,0
fyb11155,0,1,0,1,0,0,0,0,0,0,0
fyb11164,0,1,0,1,0,0,0,0,0,0,0
fyb11165,0,1,0,1,0,0,0,0,0,0,0
fyb11166,0,1,0,1,0,0,0,0,0,0,0
fyb11167,0,1,0,1,0,0,0,0,0,0,0
fyb11168,0,1,0,1,0,0,0,0,0,0,0
fyb11169,0,1,0,1,0,0,0,0,0,0,0
fyb11189,0,1,0,0,0,0,0,0,0,0,0
fyb11190,0,1,0,0,0,0,0,0,0,0,0
fyb11191,0,1,0,0,0,0,0,0,0,0,0
fyb11192,0,1,0,0,0,0,0,0,0,0,0
fyb11202,0,1,0,1,0,0,0,0,0,0,0
fyb11205,0,1,0,1,0,0,0,0,0,0,0
fyb11215,0,1,0,1,0,0,0,0,0,0,0
fyb11220,0,1,0,1,0,0,0,0,0,0,0
fyb11221,0,1,0,1,0,0,0,0,0,0,0
fyb11226,0,1,0,1,0,0,0,0,0,0,0
fyb11230,0,1,0,1,0,0,0,0,0,0,0
fyb11232,0,1,0,1,0,0,0,0,0,0,0
fyb11234,0,1,0,1,0,0,0,0,0,0,0
fyb11243,0,1,0,1,0,0,0,0,0,0,0
fyb11255,0,1,0,1,0,0,0,0,0,0,0
fyb11264,0,1,0,1,0,0,0,0,0,0,0
fyb11265,0,1,0,1,0,0,0,0,0,0,0
fyb11267,0,1,0,1,0,0,0,0,0,0,0
fyb11268,0,1,0,1,0,0,0,0,0,0,0
fyb11273,0,1,0,1,0,0,0,0,0,0,0
fyb11274,0,1,0,1,0,0,0,0,0,0,0
fyb11275,0,1,0,1,0,0,0,0,0,0,0
fyb11277,0,1,0,1,0,0,0,0,0,0,0
fyb11286,0,1,0,1,0,0,0,0,0,0,0
fyb11304,0,1,0,1,0,0,0,0,0,0,0
fyb11324,0,1,0,1,0,0,0,0,0,0,0
fyb11357,0,1,0,1,0,0,0,0,0,0,0
fyb11396,0,1,0,0,0,0,0,0,0,0,0
fyb11405,0,1,0,1,0,0,0,0,0,0,0
fyb11419,0,1,0,1,0,0,0,0,0,0,0
fyb11446,0,1,0,1,0,0,0,0,0,0,0
fyb11453,0,1,0,1,0,0,0,0,0,0,0
fyb11507,1,1,0,1,0,0,0,0,0,0,0
fyb11534,1,1,0,0,0,0,0,0,0,0,0
fyb11544,0,1,0,1,0,0,0,0,0,0,0
fyb11552,0,1,0,1,0,0,0,0,0,0,0
fyb11557,0,1,0,1,0,0,0,0,0,0,0
fyb11590,0,1,0,1,0,0,0,0,0,0,0
fyb11598,0,1,0,1,0,0,0,0,0,0,0
fyb11609,0,1,0,1,0,0,0,0,0,0,0
fyb11616,1,1,0,1,0,0,0,0,0,0,0
fyb11617,0,1,0,1,0,0,0,0,0,0,0
fyb11634,0,1,0,1,0,0,0,0,0,0,0
fyb11647,0,1,0,1,0,0,0,0,0,0,0
fyb11649,0,1,0,1,0,0,0,0,0,0,0
fyb11659,0,1,0,1,0,0,0,0,0,0,0
fyb11662,1,1,0,1,0,0,0,0,0,0,0
fyb11663,0,1,0,1,0,0,0,0,0,0,0
fyb11671,0,1,0,1,0,0,0,0,0,0,0
fyb11675,0,1,0,0,1,0,0,0,0,0,0
fyb11684,0,1,0,0,1,0,0,0,0,0,0
fyb11691,0,1,0,1,0,0,0,0,0,0,0
fyb11699,0,1,0,1,0,0,0,0,0,0,0
ddfgf20168,1,1,1,0,1,0,0,1,0,0,0
ddfgf20182,0,1,1,0,0,0,0,1,0,0,0
ddfgf20185,0,1,1,0,0,0,0,1,0,1,0
dhzgf20156,0,1,1,0,0,0,0,0,0,0,0
dnypl15041,1,1,1,0,0,0,0,1,0,1,0
dnypl15043,0,1,1,0,0,0,0,1,0,1,0
dnypl15044,0,1,1,0,1,0,0,1,0,1,0
dnypl15082,0,1,1,1,1,0,0,1,0,0,0
fyb10534,0,1,1,1,0,0,0,1,0,0,0
fyb10576,1,1,1,1,0,0,0,1,0,0,0
fyb10583,0,1,1,0,1,0,0,1,0,0,0
fyb10590,0,1,1,0,1,0,0,1,0,1,0
fyb10756,0,1,1,0,0,0,0,1,0,1,0
fyb10845,0,1,1,0,0,0,0,1,0,1,0
fyb10866,1,1,1,0,1,0,0,1,0,0,0
fyb10881,0,1,1,1,0,0,0,1,0,1,0
fyb10958,1,1,1,0,0,0,0,1,0,1,0
fyb11035,0,1,1,0,0,0,0,1,0,1,0
fyb11259,0,1,1,0,0,0,0,1,0,1,0
ddfgf20187,0,0,0,1,0,0,0,0,0,0,0
ddfgf20195,0,0,0,1,0,0,0,0,0,0,0
ddfgf20200,0,0,0,1,0,0,0,0,0,0,0
dhzgf20148,0,0,0,1,0,0,0,0,0,0,0
dhzgf20149,0,0,0,1,0,0,0,0,0,0,0
dnygf20088,0,0,0,1,0,0,0,0,0,0,0
dnygf20099,0,0,0,1,0,0,0,0,0,0,0
dnypl15003,0,0,0,1,1,0,0,0,0,0,0
dnypl15004,0,0,0,1,0,0,0,0,0,0,0
dnypl15012,0,0,0,1,0,0,0,0,0,0,0
dnypl15039,0,0,0,1,0,0,0,0,0,0,0
dnypl15057,0,0,0,1,0,0,0,0,0,0,0
dnypl15060,0,0,0,1,0,0,0,0,0,0,0
dnypl15061,0,0,0,1,1,0,0,0,0,0,0
dnypl15070,0,0,0,1,0,0,0,0,0,0,0
dqxgpl15118,0,0,0,1,0,0,0,0,0,0,0
dqxwv15121,0,0,0,1,0,0,0,0,0,0,0
dwnpl15133,0,0,0,1,0,0,0,0,0,0,0
dwnpl15137,0,0,0,1,0,0,0,0,0,0,0
dzjwv15265,1,0,0,1,1,0,0,0,0,0,0
dzjwv15266,0,0,0,1,0,0,0,0,0,0,0
dzjwv15277,0,0,0,1,0,0,0,0,0,0,0
dzjwv15280,0,0,0,1,0,0,0,0,0,1,0
dzjwv15281,0,0,0,1,0,0,0,0,0,1,0
dzjwv15284,0,0,0,1,0,0,0,0,0,0,0
dzjwv15291,0,0,0,1,0,0,0,0,0,0,0
dzjwv15294,0,0,0,1,0,0,0,0,0,0,0
dzjwv15298,0,0,0,1,0,0,0,0,0,1,0
fyb10005,0,0,0,1,0,0,0,0,0,0,0
fyb10015,0,0,0,1,0,0,0,0,0,0,0
fyb10016,0,0,0,1,0,0,0,0,0,0,0
fyb10020,0,0,0,1,0,0,0,0,0,0,0
fyb10022,0,0,0,1,0,0,0,0,0,0,0
fyb10023,0,0,0,1,0,0,0,0,0,0,0
fyb10025,0,0,0,1,0,0,0,0,0,0,0
fyb10031,0,0,0,1,0,0,0,0,0,0,0
fyb10034,0,0,0,1,0,0,0,0,0,0,0
fyb10040,0,0,0,1,0,0,0,0,0,0,0
fyb10043,0,0,0,1,0,0,0,0,0,0,0
fyb10048,0,0,0,1,0,0,0,0,0,0,0
fyb10050,0,0,0,1,0,0,0,0,0,1,0
fyb10051,0,0,0,1,0,0,0,0,0,1,0
fyb10053,0,0,0,1,0,0,0,0,0,1,0
fyb10056,0,0,0,1,0,0,0,0,0,1,0
fyb10057,0,0,0,1,0,0,0,0,0,1,0
fyb10061,0,0,0,1,0,0,0,0,0,0,0
fyb10062,0,0,0,1,0,0,0,0,0,0,0
fyb10063,0,0,0,1,0,0,0,0,0,0,0
fyb10065,0,0,0,1,0,0,0,0,0,0,0
fyb10071,0,0,0,1,0,0,0,0,0,1,0
fyb10083,0,0,0,1,0,0,0,0,0,1,0
fyb10091,0,0,0,1,0,0,0,0,0,1,0
fyb10092,0,0,0,1,0,0,0,0,0,0,0
fyb10093,0,0,0,1,0,0,0,0,0,1,0
fyb10096,0,0,0,1,0,0,0,0,0,0,0
fyb10097,0,0,0,1,0,0,0,0,0,0,0
fyb10098,0,0,0,1,0,0,0,0,0,0,0
fyb10099,0,0,0,1,0,0,0,0,0,0,0
fyb10101,0,0,0,1,0,0,0,0,0,0,0
fyb10104,0,0,0,1,0,0,0,0,0,1,0
fyb10107,0,0,0,1,0,0,0,0,0,1,0
fyb10108,0,0,0,1,0,0,0,0,0,1,0
fyb10109,0,0,0,1,0,0,0,0,0,0,0
fyb10110,0,0,0,1,0,0,0,0,0,0,0
fyb10121,0,0,0,1,0,0,0,0,0,0,0
fyb10122,0,0,0,1,0,0,0,0,0,1,0
fyb10123,0,0,0,1,0,0,0,0,0,0,0
fyb10126,0,0,0,1,0,0,0,0,0,0,0
fyb10128,0,0,0,1,0,0,0,0,0,0,0
fyb10130,0,0,0,1,0,0,0,0,0,0,0
fyb10132,0,0,0,1,0,0,0,0,0,0,0
fyb10133,0,0,0,1,0,0,0,0,0,0,0
fyb10136,0,0,0,1,0,0,0,0,0,0,0
fyb10138,0,0,0,1,0,0,0,0,0,0,0
fyb10140,0,0,0,1,0,0,0,0,0,0,0
fyb10141,0,0,0,1,0,0,0,0,0,0,0
fyb10142,0,0,0,1,0,0,0,0,0,0,0
fyb10143,0,0,0,1,0,0,0,0,0,0,0
fyb10144,0,0,0,1,0,0,0,0,0,1,0
fyb10145,0,0,0,1,0,0,0,0,0,1,0
fyb10146,0,0,0,1,0,0,0,0,0,0,0
fyb10151,0,0,0,1,0,0,0,0,0,1,0
fyb10152,0,0,0,1,0,0,0,0,0,0,0
fyb10153,0,0,0,1,0,0,0,0,0,0,0
fyb10154,0,0,0,1,0,0,0,0,0,1,0
fyb10155,0,0,0,1,0,0,0,0,0,0,0
fyb10156,0,0,0,1,0,0,0,0,0,0,0
fyb10160,0,0,0,1,0,0,0,0,0,1,0
fyb10161,0,0,0,1,0,0,0,0,0,0,0
fyb10162,0,0,0,1,0,0,0,0,0,0,0
fyb10163,0,0,0,1,1,0,0,0,0,0,0
fyb10165,0,0,0,1,0,0,0,0,0,1,0
fyb10166,1,0,0,1,0,0,0,0,0,0,0
fyb10170,0,0,0,1,0,0,0,0,0,0,0
fyb10197,0,0,0,1,0,0,0,0,0,1,0
fyb10203,0,0,0,1,0,0,0,0,0,1,0
fyb10209,0,0,0,1,0,0,0,0,0,0,0
fyb10210,0,0,0,1,0,0,0,0,0,0,0
fyb10214,0,0,0,1,0,0,0,0,0,1,0
fyb10215,0,0,0,1,0,0,0,0,0,1,0
fyb10219,0,0,0,1,0,0,0,0,0,1,0
fyb10226,0,0,0,1,0,0,0,0,0,0,0
fyb10227,0,0,0,1,0,0,0,0,0,0,0
fyb10228,1,0,0,1,0,0,0,0,0,0,0
fyb10236,0,0,0,1,0,0,0,0,0,1,0
fyb10249,0,0,0,1,1,0,0,0,0,0,0
fyb10268,0,0,0,1,0,0,0,0,0,0,0
fyb10274,0,0,0,1,0,0,0,0,0,0,0
fyb10277,0,0,0,1,0,0,0,0,0,1,0
fyb10278,0,0,0,1,0,0,0,0,0,1,0
fyb10286,0,0,0,1,0,0,0,0,0,1,0
fyb10297,0,0,0,1,0,0,0,0,0,0,0
fyb10300,0,0,0,1,0,0,0,0,0,0,0
fyb10301,0,0,0,1,0,0,0,0,0,0,0
fyb10303,0,0,0,1,0,0,0,0,0,0,0
fyb10319,0,0,0,1,0,0,0,0,0,0,0
fyb10320,0,0,0,1,0,0,0,0,0,1,0
fyb10323,0,0,0,1,0,0,0,0,0,1,0
fyb10333,0,0,0,1,0,0,0,0,0,0,0
fyb10345,0,0,0,1,0,0,0,0,0,0,0
fyb10358,0,0,0,1,0,0,0,0,0,1,0
fyb10364,0,0,0,1,0,0,0,0,0,0,0
fyb10372,0,0,0,1,0,0,0,0,0,0,0
fyb10381,0,0,0,1,0,0,0,0,0,0,0
fyb10387,0,0,0,1,0,0,0,0,0,0,0
fyb10446,0,0,0,1,0,0,0,0,0,1,0
fyb10447,0,0,0,1,0,0,0,0,0,0,0
fyb10449,0,0,0,1,0,0,0,0,0,0,0
fyb10451,0,0,0,1,0,0,0,0,0,0,0
fyb10452,0,0,0,1,0,0,0,0,0,0,0
fyb10453,0,0,0,1,0,0,0,0,0,0,0
fyb10454,0,0,0,1,0,0,0,0,0,0,0
fyb10459,0,0,0,1,0,0,0,0,0,0,0
fyb10460,0,0,0,1,0,0,0,0,0,0,0
fyb10461,0,0,0,1,0,0,0,0,0,1,0
fyb10465,0,0,0,1,0,0,0,0,0,1,0
fyb10466,0,0,0,1,0,0,0,0,0,0,0
fyb10472,0,0,0,0,1,0,0,0,0,0,0
fyb10491,1,0,0,1,1,0,0,0,0,0,0
fyb10494,0,0,0,1,0,0,0,0,0,1,0
fyb10495,0,0,0,1,0,0,0,0,0,0,0
fyb10496,0,0,0,1,0,0,0,0,0,0,0
fyb10501,0,0,0,1,0,0,0,0,0,0,0
fyb10503,0,0,0,1,0,0,0,0,0,0,0
fyb10506,0,0,0,1,0,0,0,0,0,1,0
fyb10508,0,0,0,1,0,0,0,0,0,0,0
fyb10519,0,0,0,1,0,0,0,0,0,0,0
fyb10520,0,0,0,1,0,0,0,0,0,0,0
fyb10522,0,0,0,1,0,0,0,0,0,0,0
fyb10528,0,0,0,1,0,0,0,0,0,0,0
fyb10529,0,0,0,1,0,0,0,0,0,0,0
fyb10533,0,0,0,1,0,0,0,0,0,0,0
fyb10535,0,0,0,1,0,0,0,0,0,0,0
fyb10537,0,0,0,1,0,0,0,0,0,1,0
fyb10538,0,0,0,1,0,0,0,0,0,0,0
fyb10539,0,0,0,1,0,0,0,0,0,0,0
fyb10540,0,0,0,1,0,0,0,0,0,0,0
fyb10546,0,0,0,1,0,0,0,0,0,0,0
fyb10548,0,0,0,1,0,0,0,0,0,0,0
fyb10549,0,0,0,1,0,0,0,0,0,0,0
fyb10551,0,0,0,1,0,0,0,0,0,0,0
fyb10555,0,0,0,1,0,0,0,0,0,0,0
fyb10556,0,0,0,1,0,0,0,0,0,0,0
fyb10560,0,0,0,1,0,0,0,0,0,0,0
fyb10561,0,0,0,1,0,0,0,0,0,0,0
fyb10562,0,0,0,1,0,0,0,0,0,0,0
fyb10564,0,0,0,1,0,0,0,0,0,0,0
fyb10565,0,0,0,1,0,0,0,0,0,0,0
fyb10618,0,0,0,1,0,0,0,0,0,0,0
fyb10627,0,0,0,1,0,0,0,0,0,1,0
fyb10640,0,0,0,1,0,0,0,0,0,0,0
fyb10644,1,0,0,1,0,0,0,0,0,0,0
fyb10645,0,0,0,1,0,0,0,0,0,0,0
fyb10646,0,0,0,1,0,0,0,0,0,0,0
fyb10648,0,0,0,1,0,0,0,0,0,0,0
fyb10657,0,0,0,1,0,0,0,0,0,0,0
fyb10659,0,0,0,1,0,0,0,0,0,0,0
fyb10664,0,0,0,1,0,0,0,0,0,0,0
fyb10668,0,0,0,1,0,0,0,0,0,0,0
fyb10676,0,0,0,1,0,0,0,0,0,1,0
fyb10681,0,0,0,1,0,0,0,0,0,0,0
fyb10682,0,0,0,1,0,0,0,0,0,0,0
fyb10684,0,0,0,1,0,0,0,0,0,0,0
fyb10704,0,0,0,1,0,0,0,0,0,0,0
fyb10711,0,0,0,1,0,0,0,0,0,0,0
fyb10712,0,0,0,1,0,0,0,0,0,0,0
fyb10715,1,0,0,1,0,0,0,0,0,0,0
fyb10716,0,0,0,1,0,0,0,0,0,0,0
fyb10726,0,0,0,1,0,0,0,0,0,0,0
fyb10729,0,0,0,1,0,0,0,0,0,0,0
fyb10730,0,0,0,1,0,0,0,0,0,0,0
fyb10731,0,0,0,1,0,0,0,0,0,0,0
fyb10732,0,0,0,1,0,0,0,0,0,0,0
fyb10739,0,0,0,1,0,0,0,0,0,0,0
fyb10742,0,0,0,1,0,0,0,0,0,0,0
fyb10746,0,0,0,1,0,0,0,0,0,0,0
fyb10747,0,0,0,1,0,0,0,0,0,0,0
fyb10754,0,0,0,1,0,0,0,0,0,0,0
fyb10755,0,0,0,1,0,0,0,0,0,0,0
fyb10757,0,0,0,1,0,0,0,0,0,0,0
fyb10758,0,0,0,1,0,0,0,0,0,0,0
fyb10759,0,0,0,1,0,0,0,0,0,0,0
fyb10761,0,0,0,1,0,0,0,0,0,0,0
fyb10790,0,0,0,1,0,0,0,0,0,0,0
fyb10791,0,0,0,1,0,0,0,0,0,0,0
fyb10793,0,0,0,1,0,0,0,0,0,0,0
fyb10795,0,0,0,1,0,0,0,0,0,0,0
fyb10796,0,0,0,1,0,0,0,0,0,0,0
fyb10802,0,0,0,1,0,0,0,0,0,0,0
fyb10810,0,0,0,1,0,0,0,0,0,0,0
fyb10811,0,0,0,1,0,0,0,0,0,0,0
fyb10817,0,0,0,1,0,0,0,0,0,0,0
fyb10819,0,0,0,1,0,0,0,0,0,0,0
fyb10826,0,0,0,1,0,0,0,0,0,0,0
fyb10835,0,0,0,1,0,0,0,0,0,0,0
fyb10839,0,0,0,1,0,0,0,0,0,0,0
fyb10843,0,0,0,1,0,0,0,0,0,0,0
fyb10851,0,0,0,1,0,0,0,0,0,0,0
fyb10852,0,0,0,1,0,0,0,0,0,0,0
fyb10853,0,0,0,1,0,0,0,0,0,0,0
fyb10854,0,0,0,1,0,0,0,0,0,0,0
fyb10857,0,0,0,1,0,0,0,0,0,0,0
fyb10858,0,0,0,1,0,0,0,0,0,0,0
fyb10862,0,0,0,1,0,0,0,0,0,0,0
fyb10864,0,0,0,1,0,0,0,0,0,0,0
fyb10873,0,0,0,1,0,0,0,0,0,0,0
fyb10876,0,0,1,1,0,0,0,0,0,0,0
fyb10883,0,0,0,1,0,0,0,0,0,0,0
fyb10890,0,0,0,1,0,0,0,0,0,0,0
fyb10891,0,0,0,1,0,0,0,0,0,0,0
fyb10892,0,0,0,1,0,0,0,0,0,0,0
fyb10893,0,0,0,1,0,0,0,0,0,0,0
fyb10898,0,0,0,1,0,0,0,0,0,0,0
fyb10899,0,0,0,1,0,0,0,0,0,0,0
fyb10908,0,0,0,1,0,0,0,0,0,0,0
fyb10914,0,0,0,1,0,0,0,0,0,0,0
fyb10916,0,0,0,1,0,0,0,0,0,0,0
fyb10917,0,0,0,1,0,0,0,0,0,0,0
fyb10919,0,0,0,1,0,0,0,0,0,0,0
fyb10924,0,0,0,1,0,0,0,0,0,0,0
fyb10929,0,0,0,1,0,0,0,0,0,0,0
fyb10932,0,0,0,1,0,0,0,0,0,0,0
fyb10971,0,0,0,1,0,0,0,0,0,0,0
fyb10973,0,0,0,1,0,0,0,0,0,0,0
fyb11007,0,0,0,1,0,0,0,0,0,0,0
fyb11013,0,0,0,1,0,0,0,0,0,0,0
fyb11049,0,0,0,1,0,0,0,0,0,0,0
fyb11063,0,0,0,1,0,0,0,0,0,0,0
fyb11068,0,0,0,1,0,0,0,0,0,0,0
fyb11092,0,0,0,1,0,0,0,0,0,0,0
fyb11099,0,0,0,1,0,0,0,0,0,0,0
fyb11101,0,0,0,1,0,0,0,0,0,0,0
fyb11136,0,0,0,1,0,0,0,0,0,0,0
fyb11147,0,0,0,1,0,0,0,0,0,0,0
fyb11150,0,0,0,1,0,0,0,0,0,0,0
fyb11153,0,0,0,1,0,0,0,0,0,0,0
fyb11158,0,0,0,1,0,0,0,0,0,0,0
fyb11170,0,0,0,1,0,0,0,0,0,0,0
fyb11180,0,0,0,1,0,0,0,0,0,1,0
fyb11201,0,0,0,1,0,0,0,0,0,0,0
fyb11253,0,0,0,1,0,0,0,0,0,1,0
fyb11254,0,0,0,1,0,0,0,0,0,1,0
fyb11269,0,0,0,1,0,0,0,0,0,0,0
fyb11296,0,0,0,1,0,0,0,0,0,0,0
fyb11297,0,0,0,1,0,0,0,0,0,0,0
fyb11299,0,0,0,1,0,0,0,0,0,0,0
fyb11302,0,0,0,1,0,0,0,0,0,0,0
fyb11313,0,0,0,1,0,0,0,0,0,0,0
fyb11314,0,0,0,1,0,0,0,0,0,0,0
fyb11403,0,0,0,1,0,0,0,0,0,0,0
fyb11417,0,0,0,1,0,0,0,0,0,0,0
fyb11426,0,0,0,1,0,0,0,0,0,1,0
fyb11440,0,0,0,1,0,0,0,0,0,0,0
fyb11454,0,0,0,1,0,0,0,0,0,0,0
fyb11472,0,0,0,1,0,0,0,0,0,0,0
fyb11473,0,0,0,1,0,0,0,0,0,1,0
fyb11482,0,0,0,1,0,0,0,0,0,0,0
fyb11483,0,0,0,1,0,0,0,0,0,0,0
fyb11486,0,0,0,1,0,0,0,0,0,0,0
fyb11487,0,0,0,1,0,0,0,0,0,1,0
fyb11490,0,0,0,1,0,0,0,0,0,0,0
fyb11491,0,0,0,1,0,0,0,0,0,0,0
fyb11496,0,0,0,1,0,0,0,0,0,0,0
fyb11504,0,0,0,1,0,0,0,0,0,0,0
fyb11506,0,0,0,1,0,0,0,0,0,0,0
fyb11509,0,0,0,1,0,0,0,0,0,0,0
fyb11514,0,0,0,1,0,0,0,0,0,0,0
fyb11517,0,0,0,1,0,0,0,0,0,0,0
fyb11520,0,0,0,1,0,0,0,0,0,0,0
fyb11524,0,0,0,1,0,0,0,0,0,0,0
fyb11530,0,0,0,1,0,0,0,0,0,0,0
fyb11538,0,0,0,1,0,0,0,0,0,0,0
fyb11550,0,0,0,1,0,0,0,0,0,1,0
fyb11561,0,0,0,1,0,0,0,0,0,1,0
fyb11580,0,0,0,1,0,0,0,0,0,0,0
fyb11583,0,0,0,1,0,0,0,0,0,0,0
fyb11603,0,0,0,1,0,0,0,0,0,0,0
fyb11605,0,0,0,1,0,0,0,0,0,0,0
fyb11613,0,0,0,1,0,0,0,0,0,0,0
fyb11614,0,0,0,1,0,0,0,0,0,0,0
fyb11630,0,0,0,1,0,0,0,0,0,0,0
fyb11637,0,0,0,1,0,0,0,0,0,1,0
fyb11641,0,0,0,1,0,0,0,0,0,1,0
fyb11652,0,0,0,1,0,0,0,0,0,1,0
fyb11657,0,0,0,1,0,0,0,0,0,0,0
fyb11658,0,0,0,1,0,0,0,0,0,1,0
fyb11660,0,0,0,1,0,0,0,0,0,0,0
fyb11670,0,0,0,1,0,0,0,0,0,0,0
fyb11674,0,0,0,1,0,0,0,0,0,0,0
fyb11676,0,0,0,1,0,0,0,0,0,1,0
fyb11677,0,0,0,1,1,0,0,0,0,1,0
fyb11680,0,0,0,1,1,0,0,0,0,0,0
fyb11681,0,0,0,1,0,0,0,0,0,0,0
fyb11683,0,0,0,1,0,0,0,0,0,0,0
fyb11685,0,0,0,1,0,0,0,0,0,0,0
fyb11695,0,0,0,1,0,0,0,0,0,1,0
ddfgf20215,0,1,0,0,1,0,0,1,0,0,0
ddfgf20216,1,0,0,0,1,0,0,1,0,0,0
ddfgf20219,1,1,0,0,1,0,0,1,0,0,0
ddfgf20223,1,0,0,0,1,0,0,0,0,1,0
dnypl15006,0,1,0,0,1,0,0,1,0,0,0
dnypl15047,1,0,0,0,1,0,0,1,0,1,0
dnypl15058,0,0,0,0,1,0,0,0,0,0,0
dnypl15062,0,0,0,0,1,0,0,0,0,1,0
dnypl15063,0,1,0,0,1,0,0,0,0,1,0
dnypl15064,0,0,0,0,1,0,0,0,0,0,0
dnypl15072,0,1,0,0,1,0,0,1,0,1,0
dnypl15075,0,1,0,0,1,0,0,1,0,1,0
dnypl15076,1,1,0,0,1,0,0,1,0,1,0
dnypl15079,0,0,0,1,1,0,0,0,0,0,0
dqxgpl15106,0,1,0,1,1,0,0,1,0,0,0
dqxwv15122,0,1,0,1,1,0,0,0,0,1,0
dwnpl15134,0,0,0,1,1,0,0,1,0,1,0
dzjwv15249,0,1,0,0,1,0,0,1,0,0,0
dzjwv15254,1,1,0,0,1,0,0,1,0,1,0
dzjwv15259,1,1,0,0,1,0,0,0,0,1,0
dzjwv15260,0,1,0,0,1,0,0,1,0,0,0
dzjwv15264,0,1,0,0,1,0,0,1,0,0,0
dzjwv15268,0,1,0,0,1,0,0,1,0,1,0
dzjwv15269,1,1,0,0,1,0,0,1,0,1,0
dzjwv15270,0,1,0,0,1,0,0,1,0,0,0
fyb10095,0,0,0,0,1,0,0,0,0,1,0
fyb10112,0,0,0,0,1,0,0,0,0,1,0
fyb10113,0,0,0,0,0,0,0,0,0,1,0
fyb10115,0,1,0,0,1,0,0,1,0,0,0
fyb10116,1,1,0,0,1,0,0,1,0,0,0
fyb10189,0,0,0,0,1,0,0,0,0,1,0
fyb10211,0,0,0,0,1,0,0,0,0,1,0
fyb10224,0,0,0,0,1,0,0,0,0,1,0
fyb10240,0,0,0,0,1,0,0,0,0,1,0
fyb10244,0,0,0,0,0,0,0,0,0,1,0
fyb10378,0,0,0,0,0,0,0,0,0,1,0
fyb10379,0,0,0,0,0,0,0,0,0,1,0
fyb10396,0,0,0,0,1,0,0,0,0,1,0
fyb10415,0,0,0,1,1,0,0,0,0,0,0
fyb10471,1,1,0,0,1,0,0,1,0,1,0
fyb10484,0,0,0,0,1,0,0,0,0,1,0
fyb10486,0,0,0,0,1,0,0,0,0,1,0
fyb10498,0,0,0,1,1,0,0,0,0,1,0
fyb10499,0,0,0,1,1,0,0,0,0,0,0
fyb10507,0,0,0,0,1,0,0,0,0,1,0
fyb10558,0,0,0,0,1,0,0,0,0,0,0
fyb10572,0,0,0,0,1,0,0,0,0,1,0
fyb10577,0,1,0,0,1,0,0,1,0,0,0
fyb10599,0,0,0,0,1,0,0,0,0,0,0
fyb10612,0,1,0,0,1,0,0,1,0,0,0
fyb10615,0,1,0,1,1,0,0,1,0,1,0
fyb10626,0,1,0,1,1,0,0,1,0,0,0
fyb10629,0,1,0,1,1,0,0,1,0,0,0
fyb10630,0,0,0,0,1,0,0,0,0,0,0
fyb10643,0,0,0,0,1,0,0,0,0,0,0
fyb10707,1,0,0,0,1,0,0,1,0,0,0
fyb10734,0,1,0,0,0,0,0,1,0,1,0
fyb10750,0,0,0,1,1,0,0,0,0,0,0
fyb10763,0,0,0,0,1,0,0,1,0,1,0
fyb10764,0,0,0,1,1,0,0,1,0,0,0
fyb10770,0,0,0,0,0,0,0,0,0,1,0
fyb10772,1,1,0,0,1,0,0,1,0,1,0
fyb10820,0,1,0,0,1,0,0,0,0,1,0
fyb10837,0,1,0,0,1,0,0,1,0,0,0
fyb10909,0,0,0,1,0,0,0,0,0,0,0
fyb10910,0,0,0,0,1,0,0,0,0,1,0
fyb10922,0,1,0,0,1,0,0,1,0,1,0
fyb10923,0,0,0,0,0,0,0,1,0,1,0
fyb10961,0,1,0,0,1,0,0,1,0,1,0
fyb10967,0,1,0,0,1,0,0,1,0,0,0
fyb10982,0,1,0,0,1,0,0,0,0,0,1
fyb10990,0,0,0,0,0,0,0,1,0,1,0
fyb11010,0,1,0,0,1,0,0,0,0,1,0
fyb11011,0,1,0,1,1,0,0,1,0,1,0
fyb11012,0,1,0,0,1,0,0,1,0,0,0
fyb11018,0,1,0,1,1,0,0,0,0,1,0
fyb11021,0,1,0,1,1,0,0,1,0,1,0
fyb11030,0,1,0,0,1,0,0,1,0,1,0
fyb11034,0,1,0,0,1,0,0,1,0,1,0
fyb11045,1,1,0,0,1,0,0,1,0,0,0
fyb11051,0,1,0,0,1,0,0,1,0,1,0
fyb11094,0,1,0,1,1,0,0,1,0,1,0
fyb11096,0,1,0,1,1,0,0,1,0,1,0
fyb11112,1,0,0,0,1,0,0,1,0,0,0
fyb11127,0,1,0,0,1,0,0,0,0,0,0
fyb11128,0,0,0,0,1,0,0,0,0,0,0
fyb11137,0,0,0,0,1,0,0,0,0,0,0
fyb11139,0,0,0,0,1,0,0,0,0,0,0
fyb11193,0,1,0,0,1,0,0,1,0,0,0
fyb11194,0,1,0,0,1,0,0,1,0,1,0
fyb11217,0,0,0,0,0,0,0,0,0,1,0
fyb11248,0,1,0,0,1,0,0,1,0,1,0
fyb11250,0,1,0,0,1,0,0,1,0,1,0
fyb11251,0,1,0,0,1,0,0,1,0,1,0
fyb11252,0,1,0,0,1,0,0,1,0,1,0
fyb11256,0,1,0,0,1,0,0,1,0,1,0
fyb11293,0,0,0,0,1,0,0,0,0,0,0
fyb11395,0,1,0,0,1,0,0,1,0,1,0
fyb11400,0,0,0,1,1,0,0,1,0,1,0
fyb11412,0,0,0,0,1,0,0,1,0,1,0
fyb11413,0,0,0,0,1,0,0,0,0,1,0
fyb11427,0,0,0,1,0,0,0,1,0,1,0
fyb11428,0,1,0,1,0,0,0,1,0,1,0
fyb11434,0,1,0,1,1,0,0,0,0,1,0
fyb11442,0,0,0,0,1,0,0,1,0,1,0
fyb11443,0,1,0,0,1,0,0,1,0,1,0
fyb11447,1,1,0,0,1,0,0,1,0,1,0
fyb11461,0,0,0,0,0,0,0,0,0,1,0
fyb11462,0,1,0,1,0,0,0,1,0,1,0
fyb11465,0,1,0,1,1,0,0,1,0,0,0
fyb11466,0,1,0,1,1,0,0,1,0,1,0
fyb11470,0,1,0,1,1,0,0,1,0,1,0
fyb11471,0,1,0,1,1,0,0,1,0,1,0
fyb11474,1,1,0,1,1,0,0,0,0,0,0
fyb11475,0,1,0,1,1,0,0,1,0,1,0
fyb11476,0,1,0,1,1,0,0,1,0,1,0
fyb11480,0,1,0,1,1,0,0,1,0,1,0
fyb11484,0,0,0,1,1,0,0,0,0,0,0
fyb11485,0,0,0,1,1,0,0,0,0,0,0
fyb11492,0,0,0,0,1,0,0,0,0,0,0
fyb11495,0,0,0,0,1,0,0,0,0,0,0
fyb11499,0,0,0,0,0,0,0,0,0,1,0
fyb11513,0,1,0,1,1,0,0,1,0,1,0
fyb11526,0,1,0,1,1,0,0,1,0,1,0
fyb11528,0,1,0,1,1,0,0,0,0,1,0
fyb11529,0,1,0,1,1,0,0,0,0,1,0
fyb11535,0,0,0,1,0,0,0,1,0,1,0
fyb11547,0,0,0,1,1,0,0,0,0,1,0
fyb11554,0,1,0,1,1,0,0,1,0,1,0
fyb11559,0,1,0,0,1,0,0,1,0,0,0
fyb11568,0,0,0,1,1,0,0,0,0,1,0
fyb11581,0,0,0,0,1,0,0,1,0,1,0
fyb11591,0,0,0,0,0,0,0,0,0,1,0
fyb11604,0,0,0,0,1,0,0,0,0,0,0
fyb11622,0,0,0,0,0,0,0,0,0,1,0
fyb11623,0,0,0,0,0,0,0,0,0,1,0
fyb11624,0,0,0,1,0,0,0,0,0,1,0
fyb11633,0,0,0,1,1,0,0,0,0,1,0
ddfgf20170,0,1,0,0,1,1,0,0,0,0,0
dnygf20098,0,1,0,0,0,1,0,1,0,0,0
dnypl15053,0,1,0,0,0,1,0,0,0,0,0
dnypl15066,0,0,0,0,0,1,0,1,0,0,0
dnypl15077,0,1,0,1,0,1,0,0,0,0,0
dwnpl15135,1,0,0,0,0,1,0,0,0,0,0
dzjwv15240,0,1,0,0,1,1,0,1,0,0,0
dzjwv15247,1,0,0,0,0,1,0,0,0,0,0
dzjwv15263,0,1,0,1,0,1,0,1,0,0,0
fyb10041,0,0,0,1,0,1,0,0,0,0,0
fyb10042,0,0,0,1,0,1,0,0,0,0,0
fyb10234,0,1,0,1,0,1,0,1,0,0,0
fyb10306,0,0,0,1,0,0,0,0,0,0,0
fyb10365,0,1,0,0,0,1,0,1,0,0,0
fyb10366,0,1,0,1,0,1,0,1,0,0,0
fyb10436,0,1,0,1,0,1,0,1,0,0,0
fyb10437,0,0,0,1,0,1,0,1,0,0,0
fyb10439,0,1,0,1,0,0,0,0,0,0,0
fyb10462,0,1,0,0,0,1,0,1,0,0,0
fyb10463,0,1,0,1,0,1,0,1,0,0,0
fyb10609,0,1,0,1,0,1,0,1,0,0,0
fyb10667,0,1,0,1,0,1,0,1,0,0,0
fyb10705,0,1,0,1,0,1,0,1,0,0,0
fyb10735,0,0,0,1,0,1,0,0,0,0,0
fyb10821,0,0,0,1,0,1,0,0,0,0,0
fyb10827,0,0,0,1,0,1,0,0,0,0,0
fyb10828,0,0,0,1,0,1,0,0,0,0,0
fyb10832,0,1,0,0,0,1,0,1,0,0,0
fyb10838,0,0,0,0,0,1,0,1,0,0,0
fyb10868,0,1,0,1,0,1,0,1,0,0,0
fyb10915,0,1,0,1,0,1,0,0,0,0,0
fyb10930,0,1,0,1,0,1,0,1,0,0,0
fyb10938,0,1,0,1,0,1,0,1,0,0,0
fyb11081,0,1,0,1,0,1,0,1,0,0,0
fyb11113,0,1,0,0,0,1,0,1,0,0,0
fyb11114,0,0,0,1,0,1,0,1,0,0,0
fyb11240,0,1,0,1,0,1,0,1,0,0,0
fyb11244,0,1,0,1,0,1,0,1,0,0,0
fyb11288,0,0,0,0,0,1,0,1,0,0,0
fyb11294,0,1,0,1,0,1,0,1,0,0,0
fyb11295,0,1,0,1,0,1,0,1,0,0,0
fyb11306,0,0,0,0,0,1,0,0,0,0,0
fyb11312,0,1,0,0,0,1,0,1,0,0,0
fyb11315,0,0,0,0,0,1,0,1,0,0,0
fyb11322,0,1,0,0,0,1,0,1,0,0,0
fyb11358,0,0,0,0,0,1,0,1,0,0,0
fyb11359,0,1,0,0,0,1,0,0,0,0,0
fyb11362,0,0,0,0,0,1,0,0,0,0,0
fyb11364,0,1,0,0,0,1,0,1,0,0,0
fyb11365,0,1,0,0,0,1,0,1,0,0,0
fyb11424,1,1,0,1,0,1,0,1,0,0,0
fyb11452,0,1,0,1,0,1,0,0,0,0,0
fyb11457,0,1,0,1,0,1,0,1,0,0,0
fyb11467,0,1,0,1,0,1,0,1,0,0,0
fyb11493,0,1,0,0,0,1,0,0,0,0,0
fyb11494,0,1,0,0,0,1,0,0,0,0,0
fyb11542,0,1,0,1,0,1,0,0,0,0,0
fyb11619,0,0,0,0,1,1,0,1,0,0,0
fyb11620,0,0,0,0,1,1,0,1,0,0,0
fyb11696,1,0,0,0,1,1,0,0,0,0,0
df003,0,0,0,0,0,0,1,0,0,1,0
df005,0,0,0,0,1,0,1,0,0,1,0
df006,0,0,0,0,0,0,1,0,0,1,0
df007,0,0,0,0,0,0,1,1,0,1,0
df008,0,1,0,0,1,0,1,1,0,1,0
df009,0,0,0,0,0,0,1,0,0,1,0
df010,0,0,0,0,1,0,1,1,0,1,0
df011,0,0,0,0,0,0,1,1,0,1,0
df012,0,0,0,0,0,0,1,0,0,1,0
df013,0,0,0,0,0,0,1,0,0,1,0
df014,0,1,0,0,0,0,1,1,0,1,0
df015,0,0,0,0,0,0,1,1,0,1,0
df016,0,0,0,0,0,0,1,0,0,1,0
df017,0,0,0,0,0,0,1,0,0,1,0
df019,0,1,0,0,0,0,1,0,0,1,0
df020,0,0,0,0,0,0,1,1,0,1,0
df021,0,0,0,0,0,0,1,1,0,1,0
df022,0,1,0,0,1,0,1,1,0,1,0
df023,0,0,0,0,0,0,1,1,0,1,0
df024,0,0,0,0,0,0,1,0,0,1,0
df025,0,1,0,0,0,0,1,0,0,1,0
df026,0,0,0,0,1,0,1,1,0,1,0
df027,0,0,0,0,0,0,1,1,0,1,0
df028,0,1,0,1,0,0,1,0,0,1,0
df030,0,0,0,0,0,0,1,0,1,0,0
df031,0,0,0,0,0,0,1,0,1,0,0
df032,0,0,0,0,0,0,1,0,1,0,0
df033,0,0,0,0,0,0,1,0,0,1,0
df034,0,1,0,1,0,0,1,0,0,1,0
df035,0,1,0,1,0,0,1,0,0,1,0
df036,0,0,0,1,0,0,1,1,0,1,1
hz001,0,0,0,1,0,0,1,0,0,1,0
hz002,0,0,0,1,0,0,1,0,0,1,0
hz003,0,0,0,0,1,0,1,0,0,0,0
hz004,0,1,0,1,0,0,1,1,0,1,0
hz005,0,0,0,1,0,0,1,1,0,1,0
hz006,0,0,0,0,1,0,1,1,0,1,0
hz007,0,0,0,0,1,0,1,1,0,1,0
hz008,0,0,0,0,1,0,1,0,0,1,0
hz009,0,1,0,1,0,0,1,1,0,1,0
hz010,0,0,0,0,0,0,1,0,0,1,0
hz011,0,0,0,0,1,0,1,1,0,1,0
hz012,0,0,0,0,1,0,1,1,0,1,0
hz013,0,0,0,0,1,0,1,1,0,1,0
hz014,0,0,0,0,1,0,1,1,0,1,0
hz015,0,0,0,1,0,0,1,1,0,1,0
hz016,0,0,0,0,0,0,1,1,0,1,0
hz017,0,0,0,0,0,0,1,1,0,1,0
hz018,0,0,0,0,0,0,1,1,0,1,0
hz019,0,0,0,0,0,0,1,1,0,1,0
hz020,0,0,0,0,1,0,1,1,0,1,0
hz021,0,0,0,0,1,0,1,0,0,1,0
hz022,0,0,0,0,0,0,1,0,0,1,0
hz023,0,0,0,0,0,0,1,1,0,1,0
hz024,0,0,0,0,0,0,1,0,0,1,0
hz025,0,0,0,0,0,0,1,0,0,1,0
hz026,0,0,0,0,1,0,1,1,0,1,0
hz027,0,0,0,0,0,0,1,1,0,1,0
hz029,0,0,0,0,1,0,1,0,0,1,0
hz030,0,0,0,0,1,0,1,1,0,1,0
hz031,0,0,0,0,0,0,1,0,0,1,0
hz032,0,0,0,0,0,0,1,1,0,1,0
hz033,0,0,0,0,0,0,1,0,0,1,0
hz034,0,0,0,0,0,0,1,1,0,1,0
hz035,0,0,0,0,0,0,1,1,0,1,0
hz036,0,1,0,0,0,0,1,0,0,1,0
hz037,0,0,0,0,0,0,1,1,0,1,0
hz038,0,0,0,0,0,0,1,1,0,1,0
hz039,0,1,0,0,0,0,1,1,0,1,0
hz040,0,1,0,0,0,0,1,1,0,1,0
hz041,0,0,0,0,0,0,1,1,0,1,0
hz042,0,1,0,0,0,0,1,1,0,1,0
hz043,0,1,0,0,0,0,1,1,0,1,0
hz044,0,0,0,0,0,0,1,0,0,1,0
hz045,0,0,0,0,0,0,1,0,0,1,0
hz046,0,0,0,0,0,0,1,1,0,1,0
hz047,0,1,0,0,0,0,1,1,0,1,0
hz048,0,0,0,0,1,0,1,0,0,1,0
hz049,0,0,0,0,0,0,1,0,0,1,0
hz050,0,0,0,0,0,0,1,0,0,1,0
hz051,0,1,0,0,0,0,1,1,0,1,0
hz052,0,0,0,0,0,0,1,1,0,1,0
hz053,0,0,0,0,0,0,1,1,0,1,0
hz054,0,0,0,0,1,0,1,0,0,1,0
hz055,0,0,0,0,1,0,1,0,0,1,0
hz056,0,1,0,0,1,0,1,0,0,1,0
hz057,0,1,0,1,0,0,1,1,0,1,0
hz058,1,1,0,0,0,0,1,0,0,1,0
hz059,1,1,0,0,0,0,1,0,0,1,0
hz060,1,0,0,0,0,0,1,0,0,1,0
hz061,0,0,0,0,0,0,1,1,0,1,0
hz062,1,0,0,0,0,0,1,0,0,1,0
hz063,0,0,0,0,0,0,1,0,0,1,0
hz064,0,0,0,0,0,0,1,0,0,1,0
hz065,0,0,0,0,1,0,1,0,0,1,0
hz066,0,0,0,0,0,0,1,0,0,1,0
hz067,1,0,0,0,0,0,1,0,1,1,0
hz068,1,0,0,0,0,0,1,0,1,1,0
hz069,0,0,0,0,0,0,1,1,0,1,0
hz070,0,0,0,0,0,0,1,0,0,1,0
hz071,0,0,0,0,0,0,1,1,0,1,0
hz072,0,0,0,0,0,0,1,0,0,1,0
hz073,0,0,0,0,0,0,1,1,0,1,0
hz074,0,0,0,0,0,0,1,0,0,1,0
hz075,1,0,0,0,0,0,1,0,0,1,0
hz076,0,0,0,0,1,0,1,1,0,0,0
hz077,0,0,0,0,1,0,1,1,0,0,0
hz078,0,0,0,0,0,0,1,1,0,1,0
hz079,0,1,0,0,0,0,1,1,0,1,0
hz080,0,0,0,0,0,0,1,0,0,1,0
hz081,0,1,0,0,0,0,1,1,0,1,0
hz082,0,1,0,0,0,0,1,1,0,1,0
hz083,1,0,0,0,0,0,1,0,0,1,0
hz084,0,0,0,0,0,0,1,1,0,1,0
hz085,0,0,0,0,0,0,1,0,0,1,0
hz086,0,0,0,0,0,0,1,1,0,1,0
hz087,0,0,0,0,0,0,1,1,0,1,1
hz088,0,1,0,0,0,0,1,0,0,1,0
hz089,0,0,0,0,0,0,1,1,0,1,0
hz090,0,0,0,0,0,0,1,1,0,1,0
hz091,0,1,0,0,0,0,1,1,0,1,0
hz092,0,0,0,0,0,0,1,0,0,1,0
hz094,0,0,0,0,0,0,1,0,0,1,0
hz095,0,0,0,1,0,0,1,1,0,1,0
hz096,0,0,0,0,0,0,1,0,0,1,0
hz097,0,0,0,0,0,0,1,1,0,1,0
hz098,0,0,0,0,0,0,1,0,0,1,0
hz099,0,1,0,0,0,0,1,0,0,1,0
hz100,0,0,0,1,0,0,1,1,0,1,0
hz101,0,0,0,0,0,0,1,0,0,1,1
hz102,0,0,0,0,0,0,1,1,0,1,1
js001,0,0,0,0,0,0,1,1,0,1,1
js002,0,0,0,0,0,0,1,0,0,1,0
js003,0,1,0,0,0,0,1,0,0,1,0
js004,0,1,0,0,0,0,1,1,0,1,0
js005,0,0,0,0,0,0,1,1,0,1,0
js006,0,0,0,0,0,0,1,0,0,1,0
js007,0,0,0,0,0,0,1,1,0,1,0
js009,0,0,0,0,0,0,1,1,0,1,0
js010,0,1,0,0,0,0,1,0,0,1,0
js011,0,0,0,0,0,0,1,0,0,1,0
js012,0,0,0,0,0,0,1,0,0,1,0
js013,0,0,0,0,0,0,1,0,0,1,0
js014,0,0,0,0,0,0,1,0,0,1,0
js015,0,0,0,0,0,0,1,0,0,1,0
js016,0,0,0,0,0,0,1,0,0,1,0
js017,0,1,0,0,0,0,1,1,0,1,0
js018,0,0,0,1,0,0,1,1,0,1,0
js019,0,0,0,0,0,0,1,1,0,1,0
js020,0,0,0,1,0,0,1,0,0,1,0
js021,0,0,0,0,0,0,1,0,0,1,1
js022,0,1,0,0,0,0,1,0,0,1,0
js023,0,0,0,0,0,0,1,0,0,1,0
js024,0,0,0,0,0,0,1,0,0,1,0
js025,0,0,0,0,0,0,1,0,0,1,0
js026,0,0,0,0,0,0,1,0,0,1,0
js027,0,0,0,0,0,0,1,0,0,1,0
js028,0,0,0,0,0,0,1,1,0,1,0
js029,0,1,0,0,0,0,1,1,0,1,0
js030,0,0,0,0,0,0,1,1,0,1,0
js031,0,0,0,0,0,0,1,1,0,1,0
js032,0,1,0,0,0,0,1,1,0,1,0
js033,0,0,0,0,0,0,1,1,0,1,0
js034,0,0,0,0,0,0,1,0,0,0,1
js035,0,0,0,0,0,0,1,1,0,1,0
js036,0,0,0,0,0,0,1,0,0,1,0
js037,0,0,0,0,0,0,1,1,0,1,0
js038,0,0,0,0,0,0,1,1,0,1,0
js039,0,0,0,0,0,0,1,0,0,1,0
js040,0,0,0,0,1,0,1,1,0,1,0
js041,0,0,0,0,0,0,1,0,0,1,0
js042,0,0,0,0,0,0,1,0,0,1,0
js043,0,0,0,0,0,0,1,1,0,1,0
js044,0,0,0,0,0,0,1,1,0,1,0
js045,0,0,0,0,0,0,1,0,0,1,0
js046,0,0,0,0,0,0,1,0,0,1,0
js047,0,0,0,0,0,0,1,0,0,1,0
js048,0,0,0,0,0,0,1,0,0,1,0
js049,0,0,0,0,0,0,1,1,0,1,0
js050,0,1,0,0,0,0,1,1,0,1,0
js051,0,1,0,0,0,0,1,1,0,1,0
js052,0,0,0,1,0,0,1,1,0,1,0
js053,0,0,0,1,0,0,1,1,0,1,0
js054,0,0,0,1,0,0,1,1,0,1,0
js055,0,1,0,0,0,0,1,1,0,1,0
js056,0,1,0,0,0,0,1,1,0,1,0
js057,0,1,0,0,0,0,1,1,0,1,1
js058,0,0,0,0,0,0,1,1,0,1,0
js059,0,0,0,1,0,0,1,1,0,1,0
js060,0,0,0,0,0,0,1,0,0,1,0
js061,0,0,0,1,0,0,1,1,0,1,0
js062,0,1,0,1,0,0,1,1,0,1,0
js063,0,0,0,0,0,0,1,0,0,1,0
js064,0,1,0,0,0,0,1,0,0,1,0
js065,0,0,0,0,0,0,1,0,0,1,0
js066,1,0,0,0,0,0,1,0,0,1,0
js067,0,0,0,0,0,0,1,1,0,1,0
js068,0,1,0,0,1,0,1,1,0,1,0
js069,0,0,0,0,0,0,1,1,0,1,0
js070,1,0,0,0,0,0,1,0,0,1,0
js071,0,0,0,0,0,0,1,0,0,1,0
js072,0,0,0,0,0,0,1,1,0,1,0
js073,0,0,0,0,0,0,1,1,0,1,0
js074,0,0,0,0,0,0,1,1,0,1,1
js075,0,0,0,0,0,0,1,0,0,1,1
ny002,0,0,0,0,1,0,1,1,0,1,0
ny003,0,0,0,0,0,0,1,1,0,1,0
ny005,0,0,0,0,0,0,1,1,0,1,0
ny006,0,0,0,0,0,0,1,1,0,1,0
ny007,0,0,0,0,0,0,1,1,0,1,0
ny008,0,0,0,0,0,0,1,1,0,1,0
ny009,0,0,0,0,0,0,1,1,0,1,0
ny010,0,0,0,0,0,0,1,1,0,1,0
ny011,0,0,0,0,0,0,1,1,0,1,0
ny012,0,0,0,0,0,0,1,0,0,1,0
ny014,0,0,0,0,0,0,1,1,0,1,0
ny015,0,0,0,0,0,0,1,1,0,1,0
ny016,0,0,0,0,0,0,1,1,0,1,0
ny017,0,0,0,0,0,0,1,1,0,1,0
ny018,0,0,0,1,0,0,1,1,0,1,0
ny019,0,1,0,0,0,0,1,1,0,1,1
ny020,0,1,0,0,0,0,1,1,0,1,0
ny021,0,0,0,1,0,0,1,0,0,0,0
ny022,0,0,0,0,0,0,1,0,0,1,0
ny023,0,0,0,0,0,0,1,0,0,1,0
ny024,0,0,0,0,0,0,1,0,0,1,0
ny025,0,0,0,0,0,0,1,0,0,1,0
ny026,0,0,0,0,0,0,1,0,0,1,0
ny027,0,1,0,0,0,0,1,1,0,1,0
ny028,0,0,0,0,0,0,1,0,0,1,0
ny029,0,0,0,0,0,0,1,0,0,1,0
ny030,0,0,0,0,0,0,1,0,0,1,0
ny031,0,0,0,0,0,0,1,0,0,1,0
ny032,0,0,0,0,0,0,1,0,0,1,0
ny033,0,0,0,1,0,0,1,0,0,1,0
ny034,0,0,0,0,0,0,1,0,0,1,0
ny035,0,0,0,0,0,0,1,0,0,1,0
ny036,0,0,0,0,0,0,1,0,0,1,0
ny037,0,1,0,0,0,0,1,0,0,1,0
ny038,0,0,0,0,0,0,1,0,0,1,0
ny039,0,0,0,0,0,0,1,0,0,1,0
ny040,0,0,0,0,0,0,1,0,0,1,0
ny041,0,0,0,0,0,0,1,0,0,1,0
ny042,0,0,0,0,0,0,1,0,0,1,0
ny043,0,0,0,0,0,0,1,0,0,1,0
ny044,0,0,0,0,0,0,1,0,0,1,0
ny045,0,0,0,0,0,0,1,0,0,1,0
ny046,0,0,0,0,0,0,1,0,0,1,0
ny047,0,0,0,0,0,0,1,0,0,1,0
ny048,0,0,0,0,0,0,1,0,0,1,0
ny049,0,0,0,0,0,0,1,0,0,1,0
ny050,0,0,0,0,0,0,1,0,0,1,0
ny051,0,0,0,0,0,0,1,0,0,1,0
ny052,0,0,0,0,0,0,1,0,0,1,0
ny053,0,0,0,0,1,0,1,0,0,1,0
ny054,0,0,0,1,0,0,1,0,0,1,0
ny056,0,0,0,0,0,0,1,0,0,1,0
ny057,0,0,0,1,0,0,1,1,0,1,0
ny058,0,0,0,0,0,0,1,0,0,1,0
ny059,0,1,0,0,0,0,1,1,0,1,0
ny060,0,0,0,0,0,0,1,1,0,1,0
ny061,0,1,0,0,0,0,1,0,0,1,0
ny062,0,1,0,0,0,0,1,0,0,1,0
ny063,0,1,0,0,0,0,1,0,0,1,0
ny064,0,0,0,0,0,0,1,1,0,1,0
ny065,0,0,0,0,0,0,1,0,0,1,0
ny066,0,0,0,0,0,0,1,1,0,1,0
ny067,0,0,0,0,0,0,1,0,0,1,0
ny068,0,0,0,0,0,0,1,0,0,1,0
ny069,0,0,0,0,0,0,1,0,0,1,0
ny070,0,0,0,0,0,0,1,0,0,1,0
ny071,0,0,0,0,0,0,1,0,0,1,0
ny072,0,0,0,0,0,0,1,0,0,1,0
qx001,0,0,0,0,0,0,1,1,0,1,0
qx002,0,0,0,0,0,0,1,0,0,0,0
qx003,0,0,0,0,0,0,1,1,0,1,0
qx004,0,0,0,0,0,0,1,0,0,1,0
qx005,0,1,0,1,1,1,1,1,0,1,0
qx006,0,0,0,0,0,0,1,0,0,1,0
qx007,0,1,0,0,0,0,1,1,0,1,0
qx008,0,1,0,0,0,0,1,1,0,1,0
qx009,0,0,0,1,0,0,1,1,0,0,0
qx010,0,1,0,1,0,0,1,1,0,1,0
qx011,0,1,0,0,1,0,1,1,0,1,0
qx013,0,0,0,0,0,0,1,1,0,1,0
qx014,0,1,0,1,0,0,1,0,0,1,1
qx015,0,0,0,1,0,0,1,0,0,1,0
qx016,0,1,0,0,0,0,1,1,0,1,0
qx017,0,1,0,0,0,0,1,1,0,1,0
qx018,0,0,0,0,0,0,1,0,0,1,0
qx019,0,0,0,0,0,0,1,1,0,1,0
qx020,0,0,0,0,0,0,1,1,0,1,0
qx021,0,1,0,1,0,0,1,1,0,1,0
qx022,0,0,0,1,0,0,1,1,0,1,0
qx023,0,0,0,1,0,0,1,1,0,0,0
qx024,0,0,0,0,0,0,1,0,0,1,0
qx025,0,1,0,1,0,0,1,1,0,1,0
qx026,0,0,0,0,0,0,1,0,0,1,0
qx027,0,0,0,0,0,0,1,0,0,1,0
qx028,0,0,0,0,1,0,1,1,0,0,0
qx029,0,0,0,0,1,0,1,1,0,0,0
qx030,0,0,0,0,1,0,1,1,0,0,0
qx031,0,1,0,0,0,0,1,0,0,1,0
qx032,0,0,0,0,0,0,1,0,0,1,0
qx033,0,1,0,1,0,0,1,0,0,1,0
qx034,0,0,0,0,0,0,1,1,0,1,0
qx035,0,0,0,0,0,0,1,1,0,1,0
qx036,0,1,0,0,0,0,1,0,0,1,0
qx037,0,0,0,1,0,0,1,1,0,1,0
qx038,0,1,0,1,0,0,1,1,0,1,0
qx039,0,0,0,0,0,0,1,1,0,1,0
qx040,0,1,0,1,0,0,1,1,0,1,0
qx041,0,0,0,0,0,0,1,1,0,1,0
qx042,0,1,0,0,0,0,1,1,0,1,0
qx043,0,0,0,0,0,0,1,0,0,1,0
qx044,0,0,0,1,0,0,1,1,0,1,0
qx045,0,1,0,1,0,0,1,0,0,1,1
qx046,0,1,0,0,1,0,1,1,0,1,0
qx047,0,0,0,0,0,0,1,1,0,1,0
qx048,0,1,0,1,0,0,1,0,0,1,0
qx049,0,0,0,1,0,0,1,1,0,1,0
qx050,0,0,0,1,0,0,1,1,0,1,0
qx051,0,1,0,1,0,0,1,1,0,1,0
qx052,0,0,0,1,0,0,1,0,0,1,0
qx053,0,0,0,0,0,0,1,1,0,1,0
qx054,0,0,0,0,1,0,1,0,0,1,0
qx055,0,0,0,0,0,0,1,0,0,1,0
qx056,0,0,0,1,0,0,1,1,0,1,0
qx057,0,1,0,1,0,0,1,1,0,1,0
qx058,0,1,0,0,0,0,1,1,0,1,0
qx059,0,1,0,0,0,0,1,1,0,1,0
qx060,0,1,0,1,0,0,1,1,0,1,0
qx061,0,1,0,1,0,0,1,1,0,1,0
qx062,0,1,0,0,0,0,1,1,0,1,0
qx063,0,0,0,0,0,0,1,0,0,1,0
qx064,0,0,0,1,0,0,1,0,0,1,0
qx065,0,1,0,0,0,0,1,1,0,1,0
qx066,0,0,0,0,0,0,1,0,0,1,0
qx067,0,0,0,0,0,0,1,0,0,1,0
qx068,0,0,0,0,0,0,1,1,0,1,0
qx069,0,0,0,0,0,0,1,1,0,1,0
qx070,0,0,0,0,0,0,1,0,0,1,0
qx071,0,0,0,0,1,0,1,1,0,1,0
qx072,0,0,0,0,0,0,1,1,0,1,0
qx073,0,0,0,0,0,0,1,1,0,1,0
qx074,0,0,0,0,0,0,1,1,0,1,0
qx075,0,0,0,0,1,0,1,1,0,1,0
qx076,0,0,0,0,0,0,1,1,0,1,0
qx077,0,0,0,0,0,0,1,1,0,1,0
qx078,0,0,0,0,0,0,1,1,0,1,0
qx079,0,0,0,1,0,0,1,1,0,1,0
qx080,0,1,0,0,0,0,1,1,0,1,0
qx081,0,0,0,0,0,0,1,1,0,1,0
qx082,0,0,0,0,0,0,1,1,0,1,0
qx083,0,0,0,0,0,0,1,1,0,1,0
qx084,0,1,0,0,0,0,1,1,0,1,0
qx085,0,0,0,0,0,0,1,1,0,1,0
qx086,0,0,0,0,0,0,1,1,0,1,0
qx087,0,0,0,0,0,0,1,0,0,1,0
qx088,0,1,0,1,0,0,1,1,0,1,0
qx089,0,1,0,0,0,0,1,1,0,1,0
qx090,0,0,0,0,0,0,1,1,0,1,0
qx091,0,0,0,0,0,0,1,1,0,1,0
qx092,0,0,0,0,0,0,1,0,0,1,0
qx093,0,0,0,0,0,0,1,1,0,1,0
qx094,0,1,0,0,0,0,1,1,0,1,0
qx095,0,0,0,0,0,0,1,1,0,1,0
qx096,0,0,0,0,0,0,1,1,0,1,0
qx097,0,0,0,0,0,0,1,1,0,1,0
qx098,0,0,0,0,0,0,1,1,0,1,0
qx099,0,0,0,0,0,0,1,1,0,1,0
qx100,0,0,0,0,0,0,1,1,0,1,0
qx101,0,0,0,0,0,0,1,1,0,1,0
qx102,0,0,0,0,0,0,1,0,0,1,0
qx103,0,0,0,0,0,0,1,1,0,1,0
qx104,0,0,0,0,0,0,1,0,0,1,0
qx105,0,1,0,0,0,0,1,1,0,1,0
qx106,0,1,0,0,0,0,1,1,0,1,0
qx107,0,1,0,0,0,0,1,1,0,1,0
qx108,0,0,0,0,0,0,1,1,0,1,0
qx109,0,0,0,0,0,0,1,0,0,1,0
qx110,0,1,0,0,0,0,1,1,0,1,0
qx111,0,0,0,0,0,0,1,1,0,1,0
qx112,0,1,0,0,0,0,1,0,0,1,0
qx113,0,0,0,0,0,0,1,1,0,1,0
qx114,0,0,0,1,0,0,1,1,0,1,0
qx115,0,1,0,0,0,0,1,1,0,1,0
qx116,0,0,0,0,0,0,1,0,0,1,0
qx117,0,0,0,0,0,0,1,1,0,1,0
qx118,0,0,0,0,0,0,1,0,0,1,0
qx119,1,0,0,0,1,0,1,1,0,1,0
qx120,0,1,0,0,0,0,1,0,0,1,0
qx121,0,0,0,0,0,0,1,0,0,1,0
qx122,0,0,0,0,0,0,1,0,0,1,0
qx123,0,0,0,0,0,0,1,0,0,1,0
qx124,0,1,0,0,0,0,1,0,0,1,0
qx125,0,0,0,0,0,0,1,0,0,1,0
qx126,0,0,0,0,0,0,1,0,0,1,0
qx127,0,0,0,0,0,0,1,0,0,1,0
qx128,0,1,0,0,0,0,1,1,0,1,0
qx129,0,0,0,1,0,0,1,0,0,1,0
qx130,0,0,0,1,0,0,1,1,0,1,0
qx131,0,0,0,0,0,0,1,1,0,1,0
qx132,0,0,0,0,0,0,1,1,0,1,0
qx133,0,0,0,0,0,0,1,0,0,1,0
qx134,0,0,0,0,0,0,1,1,0,1,0
qx135,0,0,0,1,0,0,1,0,0,1,0
qx136,0,0,0,0,0,0,1,1,0,1,0
qx137,0,0,0,0,0,0,1,0,0,1,0
qx138,0,0,0,0,0,0,1,0,0,1,0
qx139,0,0,0,0,0,0,1,0,0,1,0
qx140,0,0,0,0,0,0,1,1,0,1,0
qx141,0,0,0,0,0,0,1,0,0,1,0
qx142,0,0,0,0,1,0,1,1,0,1,0
qx143,0,0,0,0,0,0,1,0,0,1,0
qx144,0,0,0,1,0,0,1,1,0,1,0
qx145,0,0,0,0,1,0,1,1,0,1,0
qx146,0,0,0,0,1,0,1,1,0,1,0
qx148,0,1,0,1,0,0,1,1,0,1,0
qx149,0,0,0,0,0,0,1,0,0,1,0
qx150,0,0,0,0,0,0,1,1,0,1,0
qx151,0,1,0,1,0,0,1,1,0,1,0
qx152,0,1,0,1,0,0,1,1,0,1,0
qx153,0,0,0,1,0,0,1,0,0,1,0
qx154,0,0,0,0,0,0,1,1,0,1,0
qx155,0,0,0,0,0,0,1,0,0,1,1
qx156,0,1,0,0,0,0,1,0,0,1,0
qx157,0,0,0,0,0,0,1,1,0,1,0
qx158,0,0,0,0,0,0,1,1,0,1,0
qx159,0,0,0,1,0,0,1,0,0,1,0
qx160,0,0,0,0,0,0,1,1,0,1,0
qx161,0,0,0,0,0,0,1,1,0,1,0
qx162,0,0,0,0,0,0,1,1,0,1,0
qx163,0,0,0,0,0,0,1,1,0,1,0
qx164,0,0,0,0,0,0,1,1,0,1,0
qx165,0,0,0,0,0,0,1,1,0,1,0
qx166,0,0,0,0,0,0,1,1,0,1,0
qx167,0,0,0,0,0,0,1,1,0,1,0
qx168,0,1,0,0,0,0,1,0,0,1,0
qxg001,0,0,0,0,0,0,1,0,0,1,0
qxg002,0,0,0,1,0,0,1,1,0,1,0
qxg003,0,0,0,0,0,0,1,0,0,1,0
qxg004,0,0,0,0,0,0,1,0,0,1,0
qxg005,0,0,0,1,0,0,1,0,0,1,0
qxg006,0,0,0,1,0,0,1,0,0,1,0
qxg007,0,0,0,0,0,0,1,1,0,1,0
qxg008,0,0,0,1,0,0,1,1,0,1,0
qxg009,0,1,0,0,0,0,1,1,0,1,0
qxg010,0,0,0,0,1,0,1,1,0,1,0
qxg011,0,0,0,0,0,0,1,0,0,1,0
qxg012,1,0,0,1,0,0,1,0,0,1,0
qxg013,0,0,0,0,0,0,1,1,0,1,0
qxg014,0,0,0,0,0,0,1,0,0,1,0
qxg015,0,0,0,1,0,0,1,0,0,1,0
qxg016,0,0,0,0,0,0,1,1,0,1,0
qxg017,0,0,0,0,0,0,1,1,0,1,0
qxg018,0,1,0,0,0,0,1,0,0,1,0
qxg019,0,0,0,0,0,0,1,0,0,1,0
qxg020,0,0,0,0,0,0,1,0,0,1,0
qxg021,0,0,0,0,0,0,1,1,0,1,0
qxg022,0,0,0,0,0,0,1,0,0,1,0
qxg023,0,0,0,0,1,0,1,0,0,1,0
qxg024,0,0,0,0,0,0,1,0,0,1,0
qxg025,0,0,0,0,0,0,1,0,0,1,0
qxg026,0,0,0,0,0,0,1,0,0,1,0
qxg027,0,0,0,0,0,0,1,0,0,1,0
qxg028,0,0,0,0,0,0,1,0,0,1,0
qxg029,0,0,0,0,0,0,1,0,0,1,0
qxg030,0,0,0,0,0,0,1,0,0,1,0
qxg031,0,0,0,0,0,0,1,0,0,1,0
qxg032,0,0,0,0,0,0,1,0,0,1,0
qxg033,0,0,0,1,0,0,1,0,0,1,0
qxg034,0,0,0,0,0,0,1,0,0,1,0
qxg035,0,0,0,0,0,0,1,1,0,1,0
qxg036,0,0,0,0,0,0,1,0,0,1,0
qxg037,0,0,0,0,0,0,1,0,0,1,0
qxg038,0,0,0,1,0,0,1,0,0,1,0
qxg039,0,1,0,0,0,0,1,0,0,1,0
qxg040,0,0,0,0,0,0,1,1,0,1,0
qxg041,0,0,0,0,0,0,1,1,0,1,0
qxg042,0,0,0,0,0,0,1,0,0,1,0
qxg043,0,0,0,0,0,0,1,0,0,1,0
qxg044,0,0,0,0,0,0,1,1,0,1,0
qxg045,0,0,0,0,0,0,1,0,0,1,0
qxg046,0,0,0,1,0,0,1,1,0,1,0
qxg047,0,0,0,1,0,0,1,1,0,1,0
qxg048,0,0,0,1,0,0,1,1,0,1,0
qxg049,0,1,0,0,0,0,1,1,0,1,0
qxg050,0,1,0,0,0,0,1,0,0,1,0
qxg051,0,0,0,0,0,0,1,1,0,1,0
qxg052,0,0,0,0,0,0,1,1,0,1,0
qxg053,0,0,0,0,0,0,1,1,0,1,0
qxg054,0,0,0,0,0,0,1,1,0,1,0
qxg055,0,1,0,0,0,0,1,1,0,1,0
qxg056,0,1,0,0,0,0,1,1,0,1,0
qxg057,0,1,0,0,0,0,1,0,0,1,0
qxg058,0,0,0,0,0,0,1,0,0,1,0
qxg059,0,0,0,1,0,0,1,1,0,1,0
qxg060,0,0,0,1,0,0,1,1,0,1,0
qxg061,0,1,0,0,0,0,1,1,0,1,0
qxg062,0,0,0,0,0,0,1,0,0,1,0
qxg063,0,0,0,0,0,0,1,1,0,1,0
qxg064,0,0,0,0,0,0,1,1,0,1,0
qxg065,0,1,0,0,0,0,1,1,0,1,0
qxg066,0,1,0,0,0,0,1,1,0,1,0
qxg067,0,0,0,0,0,0,1,0,0,1,0
qxg068,0,0,0,1,0,0,1,1,0,1,0
qxg069,0,0,0,0,0,0,1,1,0,1,0
qxg070,0,0,0,0,0,0,1,1,0,1,0
qxg071,0,0,0,0,0,0,1,1,0,1,0
qxg072,0,0,0,0,0,0,1,0,0,1,0
qxg073,0,0,0,1,0,0,1,0,0,1,0
qxg074,0,0,0,0,0,0,1,0,0,1,0
qxg075,0,0,0,0,0,0,1,0,0,1,0
qxg076,0,0,0,0,0,0,1,0,0,1,0
qxg077,0,0,0,1,0,0,1,1,0,1,0
qxg078,0,1,0,0,0,0,1,1,0,1,0
qxg081,0,0,0,0,0,0,1,0,0,1,0
qxg082,0,0,0,0,0,0,1,0,0,1,0
qxg083,0,1,0,1,0,0,1,0,0,1,0
qxg084,0,0,0,1,0,0,1,0,0,1,0
qxg085,0,0,0,0,0,0,1,1,0,1,0
qxg086,0,0,0,0,0,0,1,1,0,1,0
qxg087,0,0,0,0,0,0,1,0,0,1,0
qxg088,0,1,0,0,0,0,1,0,0,1,0
qxg089,0,1,0,0,0,0,1,1,0,1,0
qxg090,0,1,0,0,0,0,1,1,0,1,0
qxg091,0,1,0,0,0,0,1,1,0,1,0
qxg092,0,1,0,0,0,0,1,0,0,1,0
qxg093,0,1,0,0,0,0,1,1,0,1,0
qxg094,0,1,0,0,0,0,1,1,0,1,0
qxg095,1,1,0,0,0,0,1,0,0,1,0
qxg096,0,1,0,0,0,0,1,1,0,1,0
qxg097,1,0,0,0,0,0,1,0,0,1,0
qxg098,0,0,0,0,0,0,1,0,0,1,0
qxg099,0,0,0,0,0,0,1,0,0,1,0
qxg100,0,1,0,0,0,0,1,1,0,1,0
qxg101,0,1,0,0,0,0,1,1,0,1,0
qxg102,0,1,0,0,0,0,1,1,0,1,0
qxg103,0,0,0,0,0,0,1,0,0,1,0
qxg104,0,0,0,0,0,0,1,1,0,1,0
qxg105,0,0,0,0,0,0,1,1,0,1,0
qxg106,0,0,0,0,0,0,1,1,0,1,0
qxg107,0,1,0,0,0,0,1,1,0,1,0
qxg108,0,0,0,0,0,0,1,1,0,1,0
qxg109,0,0,0,0,0,0,1,0,0,1,0
qxg110,0,0,0,0,0,0,1,0,0,1,0
qxg111,0,0,0,0,0,0,1,0,0,1,0
qxg112,0,0,0,0,0,0,1,1,0,1,0
qxg113,0,0,0,0,0,0,1,1,0,1,0
qxg114,0,0,0,0,0,0,1,0,0,1,0
qxg115,0,0,0,0,0,0,1,1,0,1,0
qxg116,0,0,0,0,0,0,1,0,0,1,1
qxg117,0,0,0,0,0,0,1,0,0,1,0
qxg118,0,1,0,0,0,0,1,1,0,1,0
qxg119,0,0,0,0,0,0,1,1,0,1,0
qxg120,0,0,0,1,0,0,1,0,0,1,0
qxg121,0,0,0,0,0,0,1,1,0,1,0
qxg122,0,1,0,0,0,0,1,1,0,1,0
qxg123,0,0,0,0,0,0,1,0,0,1,1
wn001,0,0,0,0,0,0,1,0,0,1,0
wn002,0,0,0,0,0,0,1,0,0,1,0
wn003,0,1,0,0,0,0,1,0,0,1,0
wn004,0,0,0,0,0,0,1,0,0,1,0
wn005,0,0,0,0,0,0,1,0,0,1,0
wn006,0,0,0,1,0,0,1,1,0,1,0
wn007,0,0,0,0,0,0,1,0,0,1,0
wn008,0,0,0,0,0,0,1,1,0,1,0
wn009,0,0,0,0,0,0,1,1,0,1,0
wn010,0,0,0,0,0,0,1,1,0,1,0
wn011,0,0,0,0,0,0,1,1,0,1,0
wn012,0,0,0,0,0,0,1,0,1,1,0
wn013,0,0,0,0,0,0,1,0,1,1,0
wn014,0,0,0,1,0,0,1,1,0,1,0
wn015,0,0,0,0,0,0,1,1,0,1,0
wn016,0,0,0,0,0,0,1,0,0,1,0
wn017,0,0,0,1,0,0,1,0,1,1,0
wn018,0,0,0,0,0,0,1,0,0,1,0
wn019,0,0,0,0,0,0,1,0,1,0,0
wn020,0,0,0,0,0,0,1,1,0,1,0
wn021,0,0,0,0,0,0,1,0,1,0,0
wn022,0,0,0,0,0,0,1,0,0,0,0
wn023,0,0,0,0,0,0,1,0,0,1,0
wn024,0,0,0,0,1,0,1,0,0,1,0
wn025,0,1,0,1,0,0,1,1,1,1,0
wn026,0,0,0,0,0,0,1,0,0,1,0
wn027,0,0,0,0,0,0,1,1,0,1,0
wn028,0,0,0,0,0,0,1,1,1,1,0
wn029,0,1,0,0,0,0,1,1,0,1,0
wn030,0,0,0,0,0,0,1,0,0,1,0
wn031,0,0,0,0,0,0,1,0,0,1,0
wn032,0,0,0,0,0,0,1,0,0,1,0
wn033,0,0,0,0,0,0,1,0,0,1,0
wn034,0,0,0,0,0,0,1,1,0,1,0
wn035,0,0,0,0,0,0,1,0,0,1,0
wn036,0,0,0,0,0,0,1,0,0,1,0
wn037,0,0,0,0,0,0,1,0,0,1,0
wn038,0,1,0,0,0,0,1,0,0,1,0
wn039,0,0,0,0,0,0,1,1,0,1,0
wn040,0,0,0,0,0,0,1,0,0,1,0
wn041,0,0,0,0,0,0,1,0,0,1,0
wn042,0,0,0,0,0,0,1,0,0,1,0
wn043,0,1,0,0,0,0,1,0,0,1,0
wn044,0,1,0,0,0,0,1,0,0,1,0
wn045,0,0,0,0,0,0,1,0,0,1,0
wn046,0,0,0,1,0,0,1,0,0,1,0
wn047,0,0,0,0,0,0,1,0,0,1,0
wn048,0,0,0,1,0,0,1,0,0,1,0
wn049,0,0,0,0,0,0,1,0,0,1,0
wn050,0,0,0,0,0,0,1,0,0,1,0
wn051,0,1,0,0,0,0,1,0,0,1,0
wn052,0,0,0,0,0,0,1,1,0,1,0
wn053,0,1,0,0,0,0,1,1,0,1,0
wn054,0,0,0,1,0,0,1,1,0,1,0
wn055,0,0,0,1,0,0,1,0,0,1,0
wn056,0,0,0,1,0,0,1,0,0,0,0
wn057,0,0,0,0,0,0,1,0,0,1,0
wn058,0,0,0,0,0,0,1,0,0,1,0
wn059,0,0,0,0,0,0,1,0,0,1,0
wn060,0,0,0,1,0,0,1,1,0,1,0
wn061,0,0,0,0,0,0,1,0,0,1,0
wn062,0,0,0,0,0,0,1,1,0,1,0
wn063,0,0,0,0,0,0,1,0,1,1,0
wn064,0,0,0,0,0,0,1,1,0,1,0
wn065,0,0,0,0,0,0,1,1,0,1,0
wn066,0,0,0,0,0,0,1,1,0,1,0
wn067,0,0,0,0,0,0,1,0,0,1,0
wn068,0,0,0,0,0,0,1,0,1,1,0
wn069,0,0,0,0,0,0,1,0,0,1,0
wn070,0,0,0,0,0,0,1,1,0,1,0
zdf001,0,0,0,0,0,0,1,0,0,1,0
zj001,0,0,0,0,0,0,1,0,0,1,0
zj002,0,0,0,0,0,0,1,1,0,1,0
zj003,0,0,0,0,0,0,1,1,0,1,0
zj004,0,0,0,0,0,0,1,1,0,1,0
zj005,0,0,0,0,0,0,1,1,0,1,0
zj006,0,0,0,1,0,0,1,1,0,1,0
zj007,0,1,0,1,0,0,1,1,0,1,0
zj008,0,1,0,0,0,0,1,1,0,1,0
zj009,0,0,0,0,0,0,1,1,0,1,0
zj010,0,0,0,0,0,0,1,1,0,1,0
zj011,0,0,0,0,0,0,1,0,0,1,0
zj012,0,0,0,0,0,0,1,1,0,1,0
zj013,0,1,0,0,0,0,1,1,0,1,0
zj014,0,0,0,0,0,0,1,1,0,1,0
zj015,0,0,0,0,0,0,1,0,0,1,0
zj016,0,1,0,0,0,0,1,0,0,1,0
zj018,0,0,0,0,0,0,1,0,0,1,0
zj019,0,0,0,0,0,0,1,0,0,1,0
zj020,0,0,0,0,0,0,1,0,0,1,0
zj021,0,0,0,0,0,0,1,0,0,1,0
zj022,0,0,0,0,0,0,1,0,0,1,0
zj023,0,0,0,0,0,0,1,1,0,1,0
zj024,0,0,0,0,0,0,1,1,0,1,0
zj025,0,0,0,0,0,0,1,0,0,1,0
zj026,0,0,0,0,0,0,1,1,0,1,0
zj027,0,0,0,0,0,0,1,1,0,1,0
zj028,0,0,0,0,0,0,1,0,0,1,0
zj029,0,0,0,0,0,0,1,0,0,1,0
zj030,0,1,0,0,0,0,1,0,0,1,0
zj031,0,0,0,0,0,0,1,0,0,1,0
zj032,0,0,0,0,0,0,1,0,0,1,0
zj033,0,0,0,0,0,0,1,0,0,1,0
zj034,0,1,0,0,0,0,1,1,0,1,0
zj035,0,0,0,0,0,0,1,0,0,1,0
zj036,0,0,0,0,0,0,1,0,0,1,0
zj037,0,1,0,0,0,0,1,1,0,1,0
zj038,0,0,0,0,0,0,1,1,0,1,0
zj039,0,0,0,0,0,0,1,1,0,1,0
zj040,0,1,0,0,0,0,1,1,0,1,0
zj041,0,0,0,0,0,0,1,0,0,1,0
zj042,0,0,0,0,0,0,1,1,0,1,0
zj043,0,0,0,0,0,0,1,1,0,1,0
zj044,0,0,0,0,0,0,1,1,0,1,0
zj045,0,1,0,0,0,0,1,0,0,1,0
zj046,0,0,0,0,0,0,1,1,0,1,0
zj047,0,1,0,0,0,0,1,1,0,1,0
zj048,0,1,0,0,0,0,1,1,0,1,0
zj049,0,1,0,0,0,0,1,1,0,1,0
zj050,0,0,0,0,0,0,1,0,0,1,0
zj051,0,0,0,0,0,0,1,0,0,1,0
zj052,0,0,0,0,0,0,1,0,0,1,0
zj053,0,0,0,0,0,0,1,1,0,1,0
zj054,0,0,0,0,0,0,1,0,0,1,0
zj055,0,0,0,0,0,0,1,0,0,1,0
zj056,0,0,0,0,0,0,1,1,0,1,0
zj057,0,0,0,0,0,0,1,1,0,1,0
zj058,0,0,0,0,0,0,1,0,0,1,0
zj059,0,0,0,0,0,0,1,0,0,1,0
zj060,0,0,0,0,0,0,1,0,0,1,0
zj061,0,1,0,0,0,0,1,0,0,1,0
zj062,0,1,0,0,0,0,1,0,0,1,0
zj063,0,0,0,0,0,0,1,1,0,1,0
zj064,0,1,0,0,0,0,1,1,0,1,0
zj065,0,0,0,0,0,0,1,0,0,1,0
zj066,0,0,0,0,0,0,1,1,0,1,0
zj067,0,0,0,0,0,0,1,1,0,1,0
zj068,0,0,0,0,0,0,1,1,0,1,0
zj069,0,0,0,0,0,0,1,0,0,1,0
zj070,0,0,0,0,0,0,1,1,0,1,0
zj071,0,0,0,0,0,0,1,1,0,1,0
zj072,1,1,0,0,0,0,1,1,0,1,0
zj073,0,0,0,0,0,0,1,0,0,1,0
zj074,0,0,0,0,0,0,1,0,0,1,0
zj075,0,1,0,0,0,0,1,0,0,1,0
zj076,0,1,0,0,0,0,1,0,0,1,0
zj077,0,0,0,0,0,0,1,1,0,1,0
zj078,0,0,0,0,0,0,1,0,0,1,0
zj079,0,0,0,0,0,0,1,0,0,1,0
zj080,0,0,0,0,0,0,1,0,0,1,1
zj081,0,0,0,0,0,0,1,1,0,1,0
zj082,0,0,0,0,0,0,1,1,0,1,0
zj083,0,0,0,0,0,0,1,1,0,1,0
zj084,0,0,0,0,0,0,1,1,0,1,0
zj085,0,0,0,0,0,0,1,1,0,1,0
zj086,0,0,0,0,0,0,1,1,0,1,0
zj087,0,0,0,0,0,0,1,1,0,1,0
zj088,0,0,0,0,1,0,1,1,0,1,0
zj089,0,0,0,0,0,0,1,0,0,1,0
zj090,0,0,0,0,0,0,1,0,0,1,0
zj091,0,0,0,0,0,0,1,1,0,1,0
zj092,0,0,0,1,0,0,1,0,0,1,0
zj093,0,0,0,0,0,0,1,0,0,1,0
zj094,0,0,0,1,0,0,1,0,0,1,0
zj095,0,0,0,1,0,0,1,1,0,1,0
zj096,0,0,0,0,0,0,1,0,0,1,0
zj097,0,0,0,1,0,0,1,1,0,1,0
zj098,0,0,0,1,0,0,1,0,0,1,0
zj099,0,0,0,0,0,0,1,0,0,1,0
zj100,0,0,0,0,0,0,1,1,0,1,0
zj101,0,0,0,0,0,0,1,1,0,1,0
zj102,0,0,0,0,0,0,1,1,0,1,0
zj103,0,0,0,0,0,0,1,1,0,1,0
zj104,0,0,0,0,0,0,1,1,0,1,0
zj106,0,0,0,1,0,0,1,0,0,1,0
zj107,0,0,0,0,0,0,1,0,0,1,0
zj108,0,0,0,0,0,0,1,0,0,1,0
zj109,0,0,0,0,0,0,1,1,0,1,0
zj110,0,0,0,0,0,0,1,1,0,1,0
zj111,0,0,0,0,0,0,1,0,0,1,0
zj112,0,1,0,0,0,0,1,0,0,1,0
zj113,0,1,0,0,0,0,1,1,0,1,0
zj114,0,0,0,0,0,0,1,1,0,1,0
zj115,0,0,0,0,0,0,1,1,0,1,0
zj116,0,0,0,0,0,0,1,0,0,1,0
zj117,0,0,0,0,0,0,1,0,0,1,0
zj118,0,0,0,0,0,0,1,0,0,1,0
zj119,0,0,0,0,0,0,1,0,0,1,0
zj120,0,0,0,0,0,0,1,0,0,1,0
zj121,0,0,0,0,0,0,1,0,0,1,0
zj122,0,0,0,0,0,0,1,0,0,1,0
ddfgf20169,0,1,0,0,0,0,0,1,0,0,0
ddfgf20177,0,1,0,0,0,0,0,1,0,0,0
ddfgf20178,0,1,0,0,0,0,0,1,0,1,0
ddfgf20179,0,1,0,0,0,0,0,1,0,0,0
ddfgf20180,0,1,0,0,0,0,0,1,0,0,0
ddfgf20181,0,1,0,0,0,0,0,1,0,0,0
ddfgf20186,0,0,0,0,0,0,0,1,0,1,0
ddfgf20189,0,0,0,1,0,0,0,1,0,0,0
ddfgf20196,0,1,0,0,0,0,0,1,0,0,0
ddfgf20197,1,1,0,0,0,0,0,1,0,0,0
ddfgf20202,0,1,0,0,0,0,0,1,0,0,0
ddfgf20204,1,0,0,1,0,0,0,1,0,1,0
ddfgf20208,1,1,0,0,1,0,0,1,0,1,0
ddfgf20209,1,0,0,0,0,0,0,1,0,0,0
ddfgf20210,1,1,0,0,0,0,0,1,0,1,0
ddfgf20212,1,1,0,0,0,0,0,1,0,1,0
ddfgf20213,1,1,0,0,0,0,0,1,0,1,0
ddfgf20214,0,0,0,0,0,0,0,1,0,1,0
ddfgf20217,0,0,0,0,0,0,0,1,0,1,0
ddfgf20218,1,1,0,0,0,0,0,1,0,1,0
ddfgf20220,0,1,0,0,0,0,0,1,0,1,0
ddfgf20221,0,1,0,0,0,0,0,1,0,0,0
ddfgf20226,0,1,0,0,1,0,0,1,0,0,0
ddfgf20228,1,0,0,0,0,0,0,1,0,1,0
dhzgf20140,1,1,0,0,0,0,0,1,0,0,0
dhzgf20141,0,1,0,0,0,0,0,1,0,0,0
dhzgf20142,0,1,0,0,0,0,0,1,0,0,0
dhzgf20152,1,0,0,0,0,0,0,1,0,0,0
dhzgf20154,0,1,0,0,0,0,0,1,0,0,0
dhzgf20155,0,1,0,0,0,0,0,1,0,0,0
djsgf20127,0,1,0,0,0,0,0,1,0,0,0
djsgf20128,0,1,0,0,0,0,0,1,0,0,0
djsgf20131,0,1,0,0,0,0,0,1,0,0,0
dnygf20089,0,1,0,1,0,0,0,1,0,0,0
dnygf20102,0,1,0,0,0,0,0,1,0,0,0
dnypl15001,0,0,0,0,1,0,0,1,0,1,0
dnypl15002,0,1,0,1,1,0,0,1,0,1,0
dnypl15007,0,1,0,0,0,0,0,1,0,1,0
dnypl15015,0,1,0,1,0,0,0,1,0,0,0
dnypl15016,1,1,0,1,0,0,0,1,0,0,0
dnypl15017,0,1,0,1,0,0,0,1,0,0,0
dnypl15018,0,1,0,1,0,0,0,1,0,0,0
dnypl15020,0,0,0,1,0,0,0,1,0,0,0
dnypl15026,1,1,0,1,0,0,0,1,0,1,0
dnypl15027,0,1,0,0,0,0,0,1,0,1,0
dnypl15028,1,0,0,0,0,0,0,1,0,0,0
dnypl15038,0,1,0,0,0,0,0,1,0,1,0
dnypl15045,0,1,0,0,0,0,0,1,0,0,0
dnypl15051,0,1,0,1,0,0,0,1,0,1,0
dnypl15052,0,1,0,1,0,0,0,1,0,1,0
dnypl15069,0,1,0,0,1,0,0,1,0,0,0
dnypl15073,0,1,0,0,1,0,0,1,0,1,0
dnypl15074,0,1,0,0,1,0,0,1,0,0,0
dnypl15078,0,0,0,1,1,0,0,1,0,1,0
dnypl15081,0,0,0,0,0,0,0,1,0,1,0
dnypl15083,0,1,0,0,0,0,0,1,0,0,0
dqxgpl15105,1,1,0,1,0,0,0,1,0,1,0
dqxgpl15109,0,1,0,0,0,0,0,1,0,0,0
dqxgpl15110,0,1,0,0,0,0,0,1,0,0,0
dqxgpl15112,0,1,0,0,0,0,0,1,0,0,0
dqxgpl15113,1,1,0,0,0,0,0,1,0,1,0
dqxgpl15114,0,1,0,0,0,0,0,1,0,1,0
dqxgpl15116,0,1,0,0,0,0,0,1,0,1,0
dqxgpl15119,0,1,0,0,0,0,0,1,0,1,0
dqxgpl15120,1,0,0,0,1,0,0,1,0,1,0
dqxwv15124,0,1,0,0,1,0,0,1,0,1,0
dwnpl15138,0,0,0,0,0,0,0,1,0,1,0
dzjwv15241,0,1,0,1,0,0,0,1,0,1,0
dzjwv15242,0,0,0,1,0,0,0,1,0,1,0
dzjwv15243,0,1,0,1,0,0,0,1,0,1,0
dzjwv15258,1,1,0,0,0,0,0,1,0,1,0
dzjwv15261,0,1,0,1,0,0,0,1,0,0,0
dzjwv15267,0,1,0,0,0,0,0,1,0,1,0
dzjwv15275,0,1,0,0,0,0,0,1,0,0,0
dzjwv15278,0,1,0,1,0,0,0,1,0,1,0
dzjwv15279,0,1,0,1,0,0,0,1,0,1,0
dzjwv15282,0,1,0,1,0,0,0,1,0,0,0
dzjwv15286,0,0,0,1,0,0,0,1,0,1,0
dzjwv15288,1,1,0,1,0,0,0,1,0,1,0
dzjwv15290,0,1,0,0,0,0,0,1,0,1,0
dzjwv15292,0,1,0,0,0,0,0,1,0,1,0
dzjwv15293,0,0,0,0,0,0,0,1,0,1,0
dzjwv15299,1,0,0,0,0,0,0,1,0,1,0
fyb10002,0,1,0,1,0,0,0,1,0,1,0
fyb10010,1,0,0,0,0,0,0,1,0,1,0
fyb10012,0,1,0,0,0,0,0,1,0,1,0
fyb10032,0,1,0,1,0,0,0,1,0,1,0
fyb10044,0,1,0,1,0,0,0,1,0,1,0
fyb10045,0,1,0,1,0,0,0,1,0,1,0
fyb10064,0,1,0,1,0,0,0,1,0,1,0
fyb10068,0,1,0,1,0,0,0,1,0,1,0
fyb10077,0,1,0,1,0,0,0,1,0,1,0
fyb10102,0,1,0,1,0,0,0,1,0,0,0
fyb10114,1,1,0,0,1,0,0,1,0,1,0
fyb10124,0,0,0,1,0,0,0,1,0,1,0
fyb10125,0,0,0,1,0,0,0,1,0,0,0
fyb10127,0,1,0,1,0,0,0,1,0,1,0
fyb10158,0,1,0,1,0,0,0,1,0,1,0
fyb10159,0,1,0,1,0,0,0,1,0,1,0
fyb10182,0,1,0,1,0,0,0,1,0,1,0
fyb10183,0,1,0,1,0,0,0,1,0,1,0
fyb10184,0,1,0,0,1,0,0,1,0,1,0
fyb10185,0,1,0,1,0,0,0,1,0,1,0
fyb10186,0,1,0,1,0,0,0,1,0,1,0
fyb10216,1,0,0,1,0,0,0,1,0,1,0
fyb10217,1,1,0,0,0,0,0,1,0,1,0
fyb10218,0,1,0,1,0,0,0,1,0,1,0
fyb10230,0,1,0,1,0,0,0,1,0,0,0
fyb10231,0,1,0,1,0,0,0,1,0,1,0
fyb10232,0,1,0,1,0,0,0,1,0,0,0
fyb10239,0,1,0,1,0,0,0,1,0,1,0
fyb10248,0,1,0,1,0,0,0,1,0,1,0
fyb10250,0,1,0,1,0,0,0,1,0,1,0
fyb10255,0,1,0,1,0,0,0,1,0,1,0
fyb10256,0,1,0,1,0,0,0,1,0,1,0
fyb10257,0,1,0,1,0,0,0,1,0,1,0
fyb10258,0,1,0,1,0,0,0,1,0,1,0
fyb10260,0,0,0,1,0,0,0,1,0,0,0
fyb10262,0,1,0,1,0,0,0,1,0,1,0
fyb10266,0,1,0,1,0,0,0,1,0,1,0
fyb10267,0,1,0,1,0,0,0,1,0,0,0
fyb10269,0,1,0,1,0,0,0,1,0,1,0
fyb10279,0,1,0,1,0,0,0,1,0,0,0
fyb10291,0,1,0,1,0,0,0,1,0,1,0
fyb10292,0,1,0,1,0,0,0,1,0,1,0
fyb10294,0,1,0,1,0,0,0,1,0,1,0
fyb10299,0,1,0,1,0,0,0,1,0,1,0
fyb10308,0,0,0,1,0,0,0,1,0,1,0
fyb10315,1,1,0,0,0,0,0,1,0,1,0
fyb10316,1,1,0,1,0,0,0,1,0,1,0
fyb10329,1,1,0,1,0,0,0,1,0,1,0
fyb10332,0,1,0,1,0,0,0,1,0,1,0
fyb10334,0,1,0,1,0,0,0,1,0,0,0
fyb10342,1,1,0,0,0,0,0,1,0,1,0
fyb10351,1,1,0,1,0,0,0,1,0,0,0
fyb10352,0,0,0,0,0,0,0,1,0,1,0
fyb10353,0,0,0,1,0,0,0,1,0,1,0
fyb10355,0,0,0,1,0,0,0,1,0,0,0
fyb10356,0,0,0,1,0,0,0,1,0,1,0
fyb10357,0,0,0,1,0,0,0,1,0,1,0
fyb10360,0,1,0,1,0,0,0,1,0,1,0
fyb10361,0,0,0,1,0,0,0,1,0,0,0
fyb10362,0,0,0,1,0,0,0,1,0,1,0
fyb10367,0,1,0,1,0,0,0,1,0,1,0
fyb10370,0,1,0,1,0,0,0,1,0,0,0
fyb10374,0,0,0,1,0,0,0,1,0,0,0
fyb10375,0,1,0,1,0,0,0,1,0,1,0
fyb10377,0,1,0,1,0,0,0,1,0,1,0
fyb10384,0,0,0,1,0,0,0,1,0,1,0
fyb10394,0,1,0,1,0,0,0,1,0,1,0
fyb10400,0,1,0,1,0,0,0,1,0,1,0
fyb10406,0,1,0,0,0,0,0,1,0,0,0
fyb10407,0,1,0,1,0,0,0,1,0,1,0
fyb10413,0,1,0,1,0,0,0,1,0,1,0
fyb10420,0,1,0,1,0,0,0,1,0,0,0
fyb10421,0,1,0,1,0,0,0,1,0,0,0
fyb10429,0,1,0,1,0,0,0,1,0,1,0
fyb10430,0,1,0,1,0,0,0,1,0,1,0
fyb10435,0,0,0,1,0,0,0,1,0,1,0
fyb10438,0,1,0,1,0,0,0,1,0,1,0
fyb10450,0,0,0,1,0,0,0,1,0,0,0
fyb10457,0,1,0,1,0,0,0,1,0,0,0
fyb10468,0,1,0,0,0,0,0,1,0,0,0
fyb10477,0,0,0,0,0,0,0,1,0,1,0
fyb10493,0,1,0,1,0,0,0,1,0,0,0
fyb10511,0,1,0,1,0,0,0,1,0,1,0
fyb10521,0,0,0,1,0,0,0,1,0,1,0
fyb10530,0,1,0,1,0,0,0,1,0,1,0
fyb10552,0,1,0,1,0,0,0,1,0,0,0
fyb10553,0,0,0,1,0,0,0,1,0,0,0
fyb10563,0,1,0,1,0,0,0,1,0,0,0
fyb10566,0,1,0,1,0,0,0,1,0,0,0
fyb10570,0,1,0,1,0,0,0,1,0,1,0
fyb10571,0,1,0,1,0,0,0,1,0,0,0
fyb10574,0,1,0,1,0,0,0,1,0,1,0
fyb10579,0,1,0,0,0,0,0,1,0,1,0
fyb10585,0,1,0,1,0,0,0,1,0,0,0
fyb10591,0,1,0,0,0,0,0,1,0,1,0
fyb10592,0,1,0,0,0,0,0,1,0,1,0
fyb10596,0,1,0,1,0,0,0,1,0,1,0
fyb10604,0,1,0,1,0,0,0,1,0,1,0
fyb10605,0,1,0,1,0,0,0,1,0,0,0
fyb10606,0,0,0,1,0,0,0,1,0,0,0
fyb10607,0,1,0,1,0,0,0,1,0,0,0
fyb10608,0,1,0,1,0,0,0,1,0,0,0
fyb10610,0,1,0,1,0,0,0,1,0,0,0
fyb10611,0,1,0,1,0,0,0,1,0,0,0
fyb10616,0,1,0,1,0,0,0,1,0,1,0
fyb10620,0,1,0,1,0,0,0,1,0,1,0
fyb10621,0,1,0,1,0,0,0,1,0,1,0
fyb10622,0,1,0,1,0,0,0,1,0,0,0
fyb10628,0,1,0,1,0,0,0,1,0,1,0
fyb10632,0,1,0,1,0,0,0,1,0,1,0
fyb10633,0,1,0,1,0,0,0,1,0,1,0
fyb10638,0,1,0,1,0,0,0,1,0,0,0
fyb10639,0,1,0,1,0,0,0,1,0,1,0
fyb10647,0,1,0,1,0,0,0,1,0,1,0
fyb10651,0,1,0,1,0,0,0,1,0,1,0
fyb10652,0,1,0,1,0,0,0,1,0,1,0
fyb10656,0,1,0,1,0,0,0,1,0,1,0
fyb10660,0,1,0,1,0,0,0,1,0,1,0
fyb10662,0,1,0,1,0,0,0,1,0,1,0
fyb10663,0,0,0,0,0,0,0,1,0,1,0
fyb10669,0,0,0,1,0,0,0,1,0,0,0
fyb10670,0,1,0,1,0,0,0,1,0,0,0
fyb10678,0,1,0,0,0,0,0,1,0,1,0
fyb10679,0,1,0,1,0,0,0,1,0,1,0
fyb10685,0,1,0,1,0,0,0,1,0,1,1
fyb10686,0,0,0,1,0,0,0,1,0,0,0
fyb10693,0,1,0,0,0,0,0,1,0,1,0
fyb10695,0,1,0,0,0,0,0,1,0,1,0
fyb10698,0,1,0,1,0,0,0,1,0,1,0
fyb10699,0,1,0,1,0,0,0,1,0,1,0
fyb10701,0,0,0,1,0,0,0,1,0,0,0
fyb10703,0,1,0,0,0,0,0,1,0,1,0
fyb10706,0,1,0,0,0,0,0,1,0,1,0
fyb10708,0,1,0,1,0,0,0,1,0,0,0
fyb10709,0,1,0,0,0,0,0,1,0,0,0
fyb10710,0,0,0,1,0,0,0,1,0,0,0
fyb10717,0,1,0,0,0,0,0,1,0,1,0
fyb10718,0,1,0,0,0,0,0,1,0,1,0
fyb10724,0,1,0,0,1,0,0,1,0,1,0
fyb10727,0,1,0,0,1,0,0,1,0,1,0
fyb10728,0,1,0,1,0,0,0,1,0,1,0
fyb10740,0,1,0,1,0,0,0,1,0,1,0
fyb10741,0,1,0,1,0,0,0,1,0,1,0
fyb10744,0,1,0,1,0,0,0,1,0,0,0
fyb10768,0,1,0,0,0,0,0,1,0,0,0
fyb10769,0,1,0,0,0,0,0,1,0,1,0
fyb10771,0,1,0,0,0,0,0,1,0,1,0
fyb10773,0,1,0,0,0,0,0,1,0,1,0
fyb10774,0,1,0,0,0,0,0,1,0,1,0
fyb10775,0,1,0,0,0,0,0,1,0,0,0
fyb10776,0,1,0,0,0,0,0,1,0,1,0
fyb10777,0,1,0,0,0,0,0,1,0,0,0
fyb10778,0,1,0,0,0,0,0,1,0,1,0
fyb10779,0,1,0,0,0,0,0,1,0,0,0
fyb10780,0,1,0,0,0,0,0,1,0,0,0
fyb10782,0,1,0,0,0,0,0,1,0,0,0
fyb10783,0,1,0,0,0,0,0,1,0,1,0
fyb10785,0,1,0,1,0,0,0,1,0,1,0
fyb10788,0,1,0,0,0,0,0,1,0,1,0
fyb10792,0,1,0,0,0,0,0,1,0,0,0
fyb10794,0,0,0,1,0,0,0,1,0,0,0
fyb10798,0,1,0,1,0,0,0,1,0,1,0
fyb10807,0,1,0,0,0,0,0,1,0,0,0
fyb10809,0,1,0,1,0,0,0,1,0,0,0
fyb10813,0,1,0,0,0,0,0,1,0,0,0
fyb10816,0,1,0,1,0,0,0,1,0,0,0
fyb10824,0,1,0,0,0,0,0,1,0,0,0
fyb10829,0,1,0,1,0,0,0,1,0,0,0
fyb10830,0,1,0,1,0,0,0,1,0,0,0
fyb10831,0,1,0,1,0,0,0,1,0,0,0
fyb10833,0,1,0,1,0,0,0,1,0,0,0
fyb10841,0,1,0,1,0,0,0,1,0,0,0
fyb10842,0,1,0,0,0,0,0,1,0,0,0
fyb10844,0,1,0,0,0,0,0,1,0,0,0
fyb10846,0,1,0,0,0,0,0,1,0,0,0
fyb10847,0,1,0,0,0,0,0,1,0,0,0
fyb10848,0,1,0,0,0,0,0,1,0,0,0
fyb10849,0,1,0,0,0,0,0,1,0,0,0
fyb10855,0,1,0,0,0,0,0,1,0,0,0
fyb10863,0,1,0,1,0,0,0,1,0,0,0
fyb10870,0,1,0,0,0,0,0,1,0,0,0
fyb10875,0,1,0,1,0,0,0,1,0,1,0
fyb10877,0,1,0,1,0,0,0,1,0,0,0
fyb10878,0,1,0,1,0,0,0,1,0,1,0
fyb10880,0,1,0,0,0,0,0,1,0,0,0
fyb10882,0,1,0,0,0,0,0,1,0,0,0
fyb10884,0,1,0,0,0,0,0,1,0,1,0
fyb10885,0,1,0,1,0,0,0,1,0,1,0
fyb10886,0,1,0,1,0,0,0,1,0,1,0
fyb10887,0,1,0,0,0,0,0,1,0,1,0
fyb10894,0,1,0,1,0,0,0,1,0,0,0
fyb10895,0,1,0,1,0,0,0,1,0,1,0
fyb10896,0,1,0,0,0,0,0,1,0,1,0
fyb10897,0,1,0,1,0,0,0,1,0,0,0
fyb10901,0,1,0,1,0,0,0,1,0,0,0
fyb10902,0,1,0,1,1,0,0,1,0,0,0
fyb10905,0,1,0,1,0,0,0,1,0,0,0
fyb10918,0,1,0,0,0,0,0,1,0,0,0
fyb10926,0,0,0,1,0,0,0,1,0,0,0
fyb10928,0,1,0,1,0,0,0,1,0,1,0
fyb10931,0,1,0,1,0,0,0,1,0,0,0
fyb10933,0,1,0,1,0,0,0,1,0,1,0
fyb10934,0,1,0,1,0,0,0,1,0,1,0
fyb10935,0,1,0,1,0,0,0,1,0,0,0
fyb10936,0,1,0,1,0,0,0,1,0,0,0
fyb10937,0,1,0,1,0,0,0,1,0,1,0
fyb10939,0,1,0,1,0,0,0,1,0,1,0
fyb10940,0,1,0,1,0,0,0,1,0,0,0
fyb10941,0,1,0,1,0,0,0,1,0,1,0
fyb10951,0,1,0,0,0,0,0,1,0,0,0
fyb10952,0,1,0,0,0,0,0,1,0,1,0
fyb10959,0,1,0,1,0,0,0,1,0,1,0
fyb10960,0,1,0,0,0,0,0,1,0,1,0
fyb10964,0,1,0,0,0,0,0,1,0,1,0
fyb10966,0,1,0,0,0,0,0,1,0,1,0
fyb10968,0,1,0,1,0,0,0,1,0,0,0
fyb10972,0,1,0,1,0,0,0,1,0,0,0
fyb10977,0,1,0,1,0,0,0,1,0,0,0
fyb10978,0,1,0,1,0,0,0,1,0,1,1
fyb10979,0,1,0,1,0,0,0,1,0,1,0
fyb10983,0,1,0,1,0,0,0,1,0,1,0
fyb10986,0,1,0,1,0,0,0,1,0,1,0
fyb10992,1,1,0,1,0,0,0,1,0,1,0
fyb10993,0,1,0,1,0,0,0,1,0,0,0
fyb10994,0,1,0,1,0,0,0,1,0,1,0
fyb10995,0,1,0,1,0,0,0,1,0,1,0
fyb10997,0,0,0,1,0,0,0,1,0,0,0
fyb10999,0,1,0,1,0,0,0,1,0,1,0
fyb11000,0,1,0,1,0,0,0,1,0,1,0
fyb11002,1,1,0,0,0,0,0,1,0,1,0
fyb11004,0,0,0,1,0,0,0,1,0,0,0
fyb11005,0,1,0,1,0,0,0,1,0,0,0
fyb11008,0,1,0,1,0,0,0,1,0,1,0
fyb11009,0,1,0,1,0,0,0,1,0,1,0
fyb11016,0,1,0,1,0,0,0,1,0,1,0
fyb11020,0,1,0,1,0,0,0,1,0,1,0
fyb11022,0,1,0,1,0,0,0,1,0,1,0
fyb11023,0,1,0,1,0,0,0,1,0,1,0
fyb11024,0,1,0,0,0,0,0,1,0,0,0
fyb11025,0,1,0,0,0,0,0,1,0,1,0
fyb11026,0,1,0,0,0,0,0,1,0,0,0
fyb11027,0,1,0,0,0,0,0,1,0,0,0
fyb11028,0,1,0,1,0,0,0,1,0,1,0
fyb11029,0,1,0,1,0,0,0,1,0,1,0
fyb11031,0,1,0,0,0,0,0,1,0,1,0
fyb11032,0,1,0,1,0,0,0,1,0,1,0
fyb11033,0,1,0,0,0,0,0,1,0,1,0
fyb11036,0,1,0,1,0,0,0,1,0,1,0
fyb11037,0,1,0,0,0,0,0,1,0,0,0
fyb11039,0,1,0,0,0,0,0,1,0,1,0
fyb11040,0,1,0,1,0,0,0,1,0,1,0
fyb11043,0,1,0,1,0,0,0,1,0,0,0
fyb11044,0,1,0,1,0,0,0,1,0,1,0
fyb11046,0,0,0,1,0,0,0,1,0,0,0
fyb11048,0,1,0,1,0,0,0,1,0,1,0
fyb11050,0,1,0,1,0,0,0,1,0,1,0
fyb11054,0,1,0,1,0,0,0,1,0,1,0
fyb11055,0,1,0,1,0,0,0,1,0,1,0
fyb11060,0,1,0,1,0,0,0,1,0,1,0
fyb11061,0,1,0,1,0,0,0,1,0,1,0
fyb11064,0,1,0,1,0,0,0,1,0,1,0
fyb11065,0,1,0,1,0,0,0,1,0,1,0
fyb11066,0,1,0,1,0,0,0,1,0,1,0
fyb11067,0,1,0,1,0,0,0,1,0,1,0
fyb11069,0,1,0,1,0,0,0,1,0,1,0
fyb11070,0,1,0,1,0,0,0,1,0,1,0
fyb11071,0,1,0,1,0,0,0,1,0,1,0
fyb11072,0,1,0,0,0,0,0,1,0,1,0
fyb11075,0,0,0,1,0,0,0,1,0,1,0
fyb11077,0,1,0,1,0,0,0,1,0,1,0
fyb11080,0,1,0,1,0,0,0,1,0,0,0
fyb11083,0,1,0,1,0,0,0,1,0,1,0
fyb11084,0,1,0,1,0,0,0,1,0,0,0
fyb11085,0,0,0,1,0,0,0,1,0,1,0
fyb11086,0,1,0,1,0,0,0,1,0,1,0
fyb11087,0,1,0,1,0,0,0,1,0,1,0
fyb11088,0,1,0,1,0,0,0,1,0,1,0
fyb11090,0,1,0,1,0,0,0,1,0,0,0
fyb11091,0,1,0,1,0,0,0,1,0,1,0
fyb11093,0,1,0,1,0,0,0,1,0,1,0
fyb11097,0,1,0,1,0,0,0,1,0,1,0
fyb11098,0,1,0,1,0,0,0,1,0,1,0
fyb11103,0,1,0,1,0,0,0,1,0,1,0
fyb11105,0,1,0,1,0,0,0,1,0,0,0
fyb11106,0,1,0,1,0,0,0,1,0,0,0
fyb11110,0,1,0,0,0,0,0,1,0,1,0
fyb11111,0,1,0,1,0,0,0,1,0,1,0
fyb11115,0,0,0,1,0,0,0,1,0,0,0
fyb11118,0,1,0,1,0,0,0,1,0,0,0
fyb11119,0,1,0,1,0,0,0,1,0,0,0
fyb11120,0,1,0,1,0,0,0,1,0,0,0
fyb11123,0,1,0,1,0,0,0,1,0,1,0
fyb11125,0,1,0,1,0,0,0,1,0,1,0
fyb11132,0,1,0,1,0,0,0,1,0,1,0
fyb11133,0,1,0,1,0,0,0,1,0,0,0
fyb11134,0,1,0,1,0,0,0,1,0,0,0
fyb11138,0,1,0,1,0,0,0,1,0,1,0
fyb11142,0,1,0,1,0,0,0,1,0,0,0
fyb11144,0,1,0,0,0,0,0,1,0,1,0
fyb11148,0,0,0,1,0,0,0,1,0,0,0
fyb11156,0,0,0,1,0,0,0,1,0,0,0
fyb11157,0,0,0,1,0,0,0,1,0,0,0
fyb11171,0,1,0,1,0,0,0,1,0,1,0
fyb11178,0,0,0,0,0,0,0,1,0,1,0
fyb11184,0,1,0,1,0,0,0,1,0,0,1
fyb11198,0,1,0,1,0,0,0,1,0,1,0
fyb11204,0,1,0,1,0,0,0,1,0,1,0
fyb11222,0,1,0,1,0,0,0,1,0,1,0
fyb11224,0,1,0,1,0,0,0,1,0,1,0
fyb11225,0,1,0,0,0,0,0,1,0,1,0
fyb11227,0,1,0,1,0,0,0,1,0,1,0
fyb11233,0,1,0,0,0,0,0,1,0,1,0
fyb11236,0,1,0,1,0,0,0,1,0,1,0
fyb11237,0,1,0,1,0,0,0,1,0,1,0
fyb11238,0,1,0,1,0,0,0,1,0,0,0
fyb11241,0,1,0,1,0,0,0,1,0,1,0
fyb11242,0,1,0,1,0,0,0,1,0,0,0
fyb11245,0,1,0,0,0,0,0,1,0,1,0
fyb11246,0,1,0,0,0,0,0,1,0,0,0
fyb11247,0,1,0,0,0,0,0,1,0,0,0
fyb11249,0,1,0,0,0,0,0,1,0,1,0
fyb11258,0,1,0,0,0,0,0,1,0,0,0
fyb11260,0,1,0,1,0,0,0,1,0,0,0
fyb11261,0,1,0,1,0,0,0,1,0,0,0
fyb11262,0,1,0,1,0,0,0,1,0,1,0
fyb11263,0,1,0,1,0,0,0,1,0,0,0
fyb11266,0,1,0,1,0,0,0,1,0,0,0
fyb11270,0,1,0,1,0,0,0,1,0,1,0
fyb11276,0,1,0,1,0,0,0,1,0,0,0
fyb11279,0,1,0,1,0,0,0,1,0,1,0
fyb11283,0,1,0,1,0,0,0,1,0,0,0
fyb11285,0,1,0,0,0,0,0,1,0,1,0
fyb11289,0,1,0,1,0,0,0,1,0,1,0
fyb11298,0,1,0,1,0,0,0,1,0,1,0
fyb11300,0,1,0,1,0,0,0,1,0,1,0
fyb11303,0,0,0,1,0,0,0,1,0,1,0
fyb11305,0,1,0,1,0,0,0,1,0,0,0
fyb11321,0,1,0,0,0,0,0,1,0,0,0
fyb11325,0,1,0,1,0,0,0,1,0,0,0
fyb11326,0,1,0,1,0,0,0,1,0,0,0
fyb11327,0,1,0,1,0,0,0,1,0,0,0
fyb11329,0,1,0,0,0,0,0,1,0,0,0
fyb11335,0,1,0,0,0,0,0,1,0,1,0
fyb11342,0,1,0,0,0,0,0,1,0,1,0
fyb11347,0,1,0,0,0,0,0,1,0,0,0
fyb11348,0,1,0,0,0,0,0,1,0,1,0
fyb11363,0,1,0,1,0,0,0,1,0,0,0
fyb11366,0,1,0,1,0,0,0,1,0,0,0
fyb11367,0,1,0,1,0,0,0,1,0,0,0
fyb11369,0,1,0,1,0,0,0,1,0,0,0
fyb11370,0,1,0,1,0,0,0,1,0,0,0
fyb11374,0,1,0,1,0,0,0,1,0,0,0
fyb11375,0,1,0,1,0,0,0,1,0,1,0
fyb11376,0,1,0,1,0,0,0,1,0,1,0
fyb11377,0,1,0,1,0,0,0,1,0,1,0
fyb11378,0,1,0,0,0,0,0,1,0,1,0
fyb11379,0,1,0,1,0,0,0,1,0,1,0
fyb11380,0,1,0,0,0,0,0,1,0,0,0
fyb11381,0,1,0,1,0,0,0,1,0,1,0
fyb11388,0,1,0,1,0,0,0,1,0,1,0
fyb11389,0,1,0,1,0,0,0,1,0,1,0
fyb11408,0,1,0,1,0,0,0,1,0,1,0
fyb11418,0,1,0,0,0,0,0,1,0,0,0
fyb11420,0,1,0,1,0,0,0,1,0,1,0
fyb11422,0,1,0,1,0,0,0,1,0,1,0
fyb11429,0,1,0,1,0,0,0,1,0,1,0
fyb11430,0,1,0,1,0,0,0,1,0,1,0
fyb11431,0,1,0,1,0,0,0,1,0,1,0
fyb11432,0,1,0,1,0,0,0,1,0,1,0
fyb11433,0,1,0,1,0,0,0,1,0,1,0
fyb11436,0,0,0,1,0,0,0,1,0,1,0
fyb11437,0,1,0,1,0,0,0,1,0,1,0
fyb11438,0,1,0,1,0,0,0,1,0,1,0
fyb11441,0,1,0,1,0,0,0,1,0,0,0
fyb11444,0,1,0,0,0,0,0,1,0,1,0
fyb11445,0,1,0,1,0,0,0,1,0,1,0
fyb11448,1,1,0,1,0,0,0,1,0,1,0
fyb11449,0,1,0,1,0,0,0,1,0,1,0
fyb11450,0,1,0,1,0,0,0,1,0,0,0
fyb11451,0,1,0,1,0,0,0,1,0,0,0
fyb11455,0,1,0,1,0,0,0,1,0,0,0
fyb11456,0,1,0,1,0,0,0,1,0,0,0
fyb11458,0,1,0,1,0,0,0,1,0,1,0
fyb11459,0,1,0,1,0,0,0,1,0,0,0
fyb11460,0,1,0,1,0,0,0,1,0,1,0
fyb11463,0,1,0,1,0,0,0,1,0,1,0
fyb11464,0,1,0,1,0,0,0,1,0,1,0
fyb11468,0,1,0,1,0,0,0,1,0,0,0
fyb11469,0,0,0,1,0,0,0,1,0,1,0
fyb11477,0,1,0,1,0,0,0,1,0,1,0
fyb11479,0,1,0,1,0,0,0,1,0,1,0
fyb11481,0,1,0,1,0,0,0,1,0,0,0
fyb11488,0,1,0,1,0,0,0,1,0,0,0
fyb11489,0,1,0,1,0,0,0,1,0,1,0
fyb11498,0,1,0,1,0,0,0,1,0,1,0
fyb11508,0,1,0,0,1,0,0,1,0,1,0
fyb11515,0,1,0,1,0,0,0,1,0,0,0
fyb11516,0,1,0,1,0,0,0,1,0,1,0
fyb11518,0,1,0,1,0,0,0,1,0,1,0
fyb11519,0,1,0,1,0,0,0,1,0,1,0
fyb11521,0,1,0,1,0,0,0,1,0,1,0
fyb11522,0,1,0,1,1,0,0,1,0,1,0
fyb11523,0,1,0,1,1,0,0,1,0,1,0
fyb11525,0,0,0,1,0,0,0,1,0,0,0
fyb11527,0,1,0,1,0,0,0,1,0,0,0
fyb11531,0,1,0,1,0,0,0,1,0,1,0
fyb11532,0,1,0,1,0,0,0,1,0,1,0
fyb11533,0,1,0,1,0,0,0,1,0,1,0
fyb11537,0,1,0,1,0,0,0,1,0,1,0
fyb11539,0,1,0,1,0,0,0,1,0,0,0
fyb11540,0,1,0,1,0,0,0,1,0,1,0
fyb11541,0,1,0,1,0,0,0,1,0,1,0
fyb11546,0,1,0,1,0,0,0,1,0,1,0
fyb11548,0,1,0,1,0,0,0,1,0,1,0
fyb11553,0,1,0,1,0,0,0,1,0,1,0
fyb11555,0,1,0,1,0,0,0,1,0,1,0
fyb11560,0,1,0,0,0,0,0,1,0,0,0
fyb11562,0,1,0,1,0,0,0,1,0,1,0
fyb11564,0,1,0,1,1,0,0,1,0,1,0
fyb11565,0,1,0,1,0,0,0,1,0,1,0
fyb11566,0,1,0,1,0,0,0,1,0,1,0
fyb11567,0,1,0,1,0,0,0,1,0,1,0
fyb11569,0,1,0,1,0,0,0,1,0,1,0
fyb11570,0,1,0,1,0,0,0,1,0,1,0
fyb11572,0,1,0,1,0,0,0,1,0,1,0
fyb11573,0,1,0,1,0,0,0,1,0,1,0
fyb11574,0,1,0,1,0,0,0,1,0,0,0
fyb11577,0,1,0,1,0,0,0,1,0,1,0
fyb11578,0,1,0,1,0,0,0,1,0,1,0
fyb11579,0,1,0,1,0,0,0,1,0,1,0
fyb11582,0,1,0,1,0,0,0,1,0,1,0
fyb11586,0,1,0,0,0,0,0,1,0,1,0
fyb11587,0,1,0,1,0,0,0,1,0,1,0
fyb11588,0,1,0,1,0,0,0,1,0,1,0
fyb11593,0,1,0,0,0,0,0,1,0,1,0
fyb11596,0,1,0,1,0,0,0,1,0,1,0
fyb11597,0,1,0,1,0,0,0,1,0,1,0
fyb11599,0,1,0,1,0,0,0,1,0,1,0
fyb11600,0,1,0,1,0,0,0,1,0,0,0
fyb11602,0,1,0,1,0,0,0,1,0,0,1
fyb11606,0,1,0,1,0,0,0,1,0,1,0
fyb11608,0,1,0,1,0,0,0,1,0,1,0
fyb11615,0,1,0,0,0,0,0,1,0,0,0
fyb11618,0,1,0,1,0,0,0,1,0,0,0
fyb11621,0,1,0,1,0,0,0,1,0,1,0
fyb11625,0,1,0,1,0,0,0,1,0,1,0
fyb11626,0,1,0,0,0,0,0,1,0,1,0
fyb11627,0,1,0,1,0,0,0,1,0,1,0
fyb11628,0,1,0,1,0,0,0,1,0,1,0
fyb11631,0,1,0,1,0,0,0,1,0,0,1
fyb11632,0,1,0,1,0,0,0,1,0,0,0
fyb11635,0,1,0,1,1,0,0,1,0,0,0
fyb11636,0,1,0,1,1,0,0,1,0,1,0
fyb11638,0,1,0,1,0,0,0,1,0,1,0
fyb11639,1,1,0,1,0,0,0,1,0,1,0
fyb11640,0,1,0,1,0,0,0,1,0,1,0
fyb11642,0,1,0,1,0,0,0,1,0,1,0
fyb11643,0,1,0,1,0,0,0,1,0,1,0
fyb11644,0,1,0,1,0,0,0,1,0,1,0
fyb11646,0,1,0,1,0,0,0,1,0,1,0
fyb11648,0,1,0,1,0,0,0,1,0,1,0
fyb11651,0,1,0,1,0,0,0,1,0,1,0
fyb11653,0,1,0,1,0,0,0,1,0,0,0
fyb11654,0,1,0,1,0,0,0,1,0,1,0
fyb11655,0,1,0,1,0,0,0,1,0,1,0
fyb11656,0,1,0,1,0,0,0,1,0,1,0
fyb11661,0,1,0,1,0,0,0,1,0,1,0
fyb11664,0,1,0,1,0,0,0,1,0,0,0
fyb11665,0,0,0,1,0,0,0,1,0,0,0
fyb11668,0,1,0,0,0,0,0,1,0,1,0
fyb11669,0,1,0,1,0,0,0,1,0,0,0
fyb11672,0,1,0,1,0,0,0,1,0,0,0
fyb11673,0,1,0,0,0,0,0,1,0,1,0
fyb11678,0,1,0,1,0,0,0,1,0,1,0
fyb11679,0,1,0,0,0,0,0,1,0,1,0
fyb11682,0,1,0,1,0,0,0,1,0,1,0
fyb11687,1,1,0,0,1,0,0,1,0,1,0
fyb11688,0,1,0,1,0,0,0,1,0,1,0
fyb11693,0,1,0,1,0,0,0,1,0,1,0
fyb11694,0,1,0,1,0,0,0,1,0,1,0
fyb11698,0,1,0,1,0,0,0,1,0,1,0
dnygf20093,1,0,0,0,0,0,0,0,1,0,0
dnypl15019,0,0,0,1,0,0,0,0,0,0,0
dnypl15021,0,0,0,0,0,0,0,0,1,0,0
dnypl15031,0,0,0,1,0,0,0,0,1,0,0
dnypl15056,0,0,0,0,0,0,0,0,1,1,0
fyb10021,0,0,0,0,0,0,0,0,1,0,0
fyb10059,0,0,0,1,1,0,0,0,0,1,0
fyb10066,0,0,0,1,0,0,0,0,0,1,0
fyb10067,0,0,0,1,0,0,0,0,0,1,0
fyb10069,0,1,0,1,0,0,0,0,0,1,0
fyb10070,1,0,0,0,0,0,0,0,1,1,0
fyb10072,1,1,0,1,1,0,0,0,0,1,0
fyb10076,1,0,0,0,0,0,0,0,0,1,0
fyb10079,0,0,0,0,0,0,0,0,0,1,0
fyb10080,1,0,0,0,0,0,0,0,1,1,0
fyb10081,1,0,0,1,0,0,0,0,0,1,0
fyb10082,1,0,0,1,0,0,0,0,1,0,0
fyb10084,0,0,0,0,0,0,0,0,0,1,0
fyb10118,0,0,0,0,0,0,0,0,1,1,0
fyb10120,0,0,0,1,0,0,0,0,1,1,0
fyb10167,0,0,0,1,0,0,0,0,0,1,0
fyb10168,0,0,0,1,1,0,0,0,0,1,0
fyb10169,0,0,0,1,1,0,0,0,0,1,0
fyb10171,0,0,0,0,0,0,0,0,1,0,0
fyb10172,0,0,0,0,0,0,0,0,1,1,0
fyb10174,1,0,0,0,0,0,0,0,1,1,0
fyb10175,0,0,0,0,0,0,0,0,1,1,0
fyb10176,0,0,0,0,0,0,0,0,0,1,0
fyb10191,0,0,0,0,0,0,0,0,1,1,0
fyb10192,0,0,0,0,0,0,0,0,0,1,0
fyb10194,0,0,0,0,0,0,0,0,1,1,0
fyb10202,0,0,0,0,0,0,0,0,0,1,0
fyb10220,0,0,0,0,0,0,0,0,1,0,0
fyb10241,0,0,0,1,0,0,0,0,0,1,0
fyb10247,0,0,0,1,0,0,0,0,0,1,0
fyb10254,0,0,0,0,0,0,0,0,0,1,0
fyb10263,1,0,0,0,0,0,0,0,0,1,0
fyb10264,0,0,0,0,0,0,0,0,0,1,0
fyb10273,0,0,0,1,0,0,0,0,0,1,0
fyb10302,0,0,0,1,0,0,0,0,0,1,0
fyb10346,0,0,0,1,0,0,0,0,0,1,0
fyb10371,0,0,0,0,0,0,0,0,1,0,0
fyb10376,0,0,0,1,1,0,0,0,0,1,0
fyb10383,0,0,0,1,1,0,0,0,0,0,0
fyb10385,0,0,0,1,1,0,0,0,0,0,0
fyb10388,0,0,0,1,1,0,0,0,0,1,0
fyb10390,0,0,0,1,1,0,0,0,0,1,0
fyb10391,0,0,0,1,1,0,0,0,0,1,0
fyb10392,0,0,0,1,1,0,0,0,0,0,0
fyb10410,0,0,0,1,1,0,0,0,0,1,0
fyb10414,0,0,0,1,0,0,0,0,0,0,0
fyb10416,0,0,0,1,0,0,0,0,0,1,0
fyb10417,0,0,0,1,0,0,0,0,0,1,0
fyb10474,0,0,0,1,0,0,0,0,0,1,0
fyb10475,0,0,0,1,0,0,0,0,0,1,0
fyb10859,0,0,0,0,0,0,0,0,0,1,0
fyb10860,0,0,0,1,0,0,0,0,0,1,0
fyb10907,0,0,0,1,0,0,0,0,0,1,0
fyb11435,1,1,0,1,1,0,0,1,0,0,0
ddfgf20158,0,0,0,0,0,0,0,0,0,1,0
ddfgf20160,0,1,0,1,0,0,0,0,0,1,0
ddfgf20162,0,0,0,1,0,0,0,0,0,1,0
ddfgf20163,0,0,0,1,0,0,0,0,0,1,0
ddfgf20164,0,0,0,1,0,0,0,0,0,1,0
ddfgf20194,0,0,0,0,0,0,0,0,0,1,0
ddfgf20225,0,0,0,0,0,0,0,0,0,1,0
dnygf20090,0,0,0,1,0,0,0,0,0,1,0
dnygf20094,0,0,0,0,0,0,0,0,0,1,0
dnygf20104,0,0,0,0,0,0,0,0,0,1,0
dnypl15000,0,0,0,0,0,0,0,0,0,1,0
dnypl15005,0,0,0,0,0,0,0,0,0,1,0
dnypl15014,0,0,0,0,0,0,0,0,0,1,0
dnypl15024,0,0,0,1,0,0,0,0,0,1,0
dnypl15032,1,0,0,0,0,0,0,0,0,1,0
dnypl15033,0,0,0,1,0,0,0,0,0,1,0
dnypl15048,0,0,0,1,0,0,0,0,0,1,0
dnypl15049,0,0,0,0,0,0,0,0,0,1,0
dnypl15050,0,0,0,1,0,0,0,0,0,1,0
dnypl15055,0,0,0,0,0,0,0,0,0,1,0
dnypl15071,0,0,0,0,0,0,0,0,0,1,0
dnypl15080,0,0,0,0,0,0,0,0,0,1,0
dqxgpl15115,0,0,0,1,0,0,0,0,0,1,0
dwnpl15139,0,0,0,0,0,0,0,0,0,1,0
dzjwv15231,0,0,0,1,0,0,0,0,0,1,0
dzjwv15232,0,0,0,1,0,0,0,0,0,1,0
dzjwv15233,0,0,0,1,0,0,0,0,0,1,0
dzjwv15234,0,0,0,1,0,0,0,0,0,1,0
dzjwv15237,0,0,0,1,0,0,0,0,0,1,0
dzjwv15251,0,0,0,1,0,0,0,0,0,1,0
dzjwv15255,0,0,0,1,0,0,0,0,0,1,0
dzjwv15272,0,0,0,1,0,0,0,0,0,1,0
dzjwv15276,0,0,0,1,0,0,0,0,0,1,0
dzjwv15287,0,0,0,0,0,0,0,0,0,1,0
dzjwv15289,0,0,0,0,0,0,0,0,0,1,0
dzjwv15295,1,0,0,0,0,0,0,0,0,1,0
fyb10000,0,0,0,1,0,0,0,0,0,1,0
fyb10006,0,0,0,0,0,0,0,0,0,1,0
fyb10007,0,0,0,1,0,0,0,0,0,1,0
fyb10009,0,0,0,1,0,0,0,0,0,1,0
fyb10011,1,0,0,0,0,0,0,0,0,1,0
fyb10014,0,0,0,0,0,0,0,0,0,1,0
fyb10024,0,0,0,1,0,0,0,0,0,1,0
fyb10029,0,0,0,0,0,0,0,0,0,1,0
fyb10030,0,0,0,1,0,0,0,0,0,1,0
fyb10033,0,0,0,1,0,0,0,0,0,1,0
fyb10035,0,0,0,1,0,0,0,0,0,1,0
fyb10036,0,0,0,1,0,0,0,0,0,1,0
fyb10037,0,0,0,1,0,0,0,0,0,1,0
fyb10038,0,0,0,1,0,0,0,0,0,1,0
fyb10047,0,0,0,1,0,0,0,0,0,1,0
fyb10049,0,0,0,0,0,0,0,0,0,1,0
fyb10052,0,0,0,1,0,0,0,0,0,1,0
fyb10054,0,0,0,1,0,0,0,0,0,1,0
fyb10060,1,0,0,0,0,0,0,0,0,1,0
fyb10078,0,0,0,1,0,0,0,0,0,1,0
fyb10085,0,1,0,1,0,0,0,0,0,1,0
fyb10086,0,0,0,1,0,0,0,0,0,1,0
fyb10087,0,0,0,0,0,0,0,0,0,1,0
fyb10088,0,0,0,1,0,0,0,0,0,1,0
fyb10090,0,0,0,0,0,0,0,0,0,1,0
fyb10094,0,0,0,1,0,0,0,0,0,1,0
fyb10103,0,0,0,0,0,0,0,0,0,1,0
fyb10106,0,0,0,1,0,0,0,0,0,1,0
fyb10111,0,0,0,0,0,0,0,0,0,1,0
fyb10117,0,0,0,1,0,0,0,0,0,1,0
fyb10129,0,0,0,0,0,0,0,0,0,1,0
fyb10131,0,0,0,1,0,0,0,0,0,1,0
fyb10134,0,0,0,1,0,0,0,0,0,1,0
fyb10135,0,0,0,1,0,0,0,0,0,1,0
fyb10137,0,0,0,1,0,0,0,0,0,1,0
fyb10147,0,0,0,1,0,0,0,0,0,1,0
fyb10148,0,0,0,1,0,0,0,0,0,1,0
fyb10149,0,0,0,0,0,0,0,0,0,1,0
fyb10150,0,0,0,0,0,0,0,0,0,1,0
fyb10157,0,0,0,1,0,0,0,0,0,1,0
fyb10173,0,0,0,1,0,0,0,0,0,1,0
fyb10178,0,0,0,1,0,0,0,0,0,1,0
fyb10180,0,0,0,1,0,0,0,0,0,1,0
fyb10181,0,0,0,1,0,0,0,0,0,1,0
fyb10187,0,0,0,1,0,0,0,0,0,1,0
fyb10188,0,0,0,1,0,0,0,0,0,1,0
fyb10190,0,0,0,1,0,0,0,0,0,1,0
fyb10193,0,0,0,0,0,0,0,0,0,1,0
fyb10195,0,0,0,0,0,0,0,0,0,1,0
fyb10196,0,0,0,0,0,0,0,0,0,1,0
fyb10198,0,0,0,0,0,0,0,0,0,1,0
fyb10199,0,0,0,1,0,0,0,0,0,1,0
fyb10200,0,0,0,1,0,0,0,0,0,1,0
fyb10201,0,0,0,0,0,0,0,0,0,1,0
fyb10204,0,0,0,0,0,0,0,0,0,1,0
fyb10205,0,0,0,1,0,0,0,0,0,1,0
fyb10206,0,0,0,1,0,0,0,0,0,1,0
fyb10207,0,0,0,0,0,0,0,0,0,1,0
fyb10208,0,0,0,0,0,0,0,0,0,1,0
fyb10212,0,0,0,1,0,0,0,0,0,1,0
fyb10213,0,0,0,0,0,0,0,0,0,1,0
fyb10222,0,0,0,0,0,0,0,0,0,1,0
fyb10223,0,0,0,1,0,0,0,0,0,1,0
fyb10225,0,0,0,1,0,0,0,0,0,1,0
fyb10229,0,0,0,0,0,0,0,0,0,1,0
fyb10233,0,0,0,0,0,0,0,0,0,1,0
fyb10235,0,0,0,1,0,0,0,0,0,1,0
fyb10237,0,0,0,1,0,0,0,0,0,1,0
fyb10243,0,0,0,1,0,0,0,0,0,1,0
fyb10245,0,0,0,0,0,0,0,0,0,1,0
fyb10246,0,0,0,0,0,0,0,0,0,1,0
fyb10253,0,0,0,1,0,0,0,0,0,1,0
fyb10259,0,0,0,0,0,0,0,0,0,1,0
fyb10270,0,0,0,1,0,0,0,0,0,1,0
fyb10271,0,0,0,1,0,0,0,0,0,1,0
fyb10272,0,0,0,1,0,0,0,0,0,1,0
fyb10275,0,0,0,1,0,0,0,0,0,1,0
fyb10276,0,0,0,1,0,0,0,0,0,1,0
fyb10281,0,0,0,0,0,0,0,0,0,1,0
fyb10282,0,0,0,1,0,0,0,0,0,1,0
fyb10283,0,0,0,0,0,0,0,0,0,1,0
fyb10285,0,0,0,1,0,0,0,0,0,1,0
fyb10287,0,0,0,0,0,0,0,0,0,1,0
fyb10288,0,0,0,0,0,0,0,0,0,1,0
fyb10289,0,0,0,0,0,0,0,0,0,1,0
fyb10295,0,0,0,1,0,0,0,0,0,1,0
fyb10296,0,0,0,1,0,0,0,0,0,1,0
fyb10298,0,0,0,1,0,0,0,0,0,1,0
fyb10307,0,0,0,1,0,0,0,0,0,1,0
fyb10311,0,0,0,0,0,0,0,0,0,1,0
fyb10312,0,0,0,0,0,0,0,0,0,1,0
fyb10325,0,0,0,0,0,0,0,0,0,1,0
fyb10326,0,0,0,0,0,0,0,0,0,1,0
fyb10331,1,0,0,0,0,0,0,0,0,1,0
fyb10347,0,0,0,1,0,0,0,0,0,1,0
fyb10348,0,0,0,1,0,0,0,0,0,1,0
fyb10349,0,0,0,1,0,0,0,0,0,1,0
fyb10350,0,0,0,1,0,0,0,0,0,1,0
fyb10354,0,0,0,1,0,0,0,0,0,1,0
fyb10397,0,0,0,0,0,0,0,0,0,1,0
fyb10398,0,0,0,0,0,0,0,0,0,1,0
fyb10403,0,0,0,1,0,0,0,0,0,1,0
fyb10408,0,0,0,0,0,0,0,0,0,1,0
fyb10409,0,0,0,0,0,0,0,0,0,1,0
fyb10419,0,0,0,1,0,0,0,0,0,1,0
fyb10424,0,0,0,1,0,0,0,0,0,1,0
fyb10425,0,0,0,0,0,0,0,0,0,1,0
fyb10431,0,0,0,1,0,0,0,0,0,1,0
fyb10434,0,0,0,1,0,0,0,0,0,1,0
fyb10440,0,0,0,1,0,0,0,0,0,1,0
fyb10441,0,0,0,1,0,0,0,0,0,1,0
fyb10443,0,0,0,1,0,0,0,0,0,1,0
fyb10444,0,0,0,1,0,0,0,0,0,1,0
fyb10448,0,0,0,0,0,0,0,0,0,1,0
fyb10467,0,0,0,0,0,0,0,0,0,1,0
fyb10470,0,0,0,0,0,0,0,0,0,1,0
fyb10473,0,0,0,1,0,0,0,0,0,1,0
fyb10476,0,0,0,1,0,0,0,0,0,1,0
fyb10478,0,0,0,0,0,0,0,0,0,1,0
fyb10487,0,0,0,1,0,0,0,0,0,1,0
fyb10488,0,0,0,0,0,0,0,0,0,1,0
fyb10490,0,0,0,0,0,0,0,0,0,1,0
fyb10502,0,0,0,1,0,0,0,0,0,1,0
fyb10504,0,0,0,1,0,0,0,0,0,1,0
fyb10505,0,0,0,1,0,0,0,0,0,1,0
fyb10517,0,0,0,1,0,0,0,0,0,1,0
fyb10518,0,0,0,0,0,0,0,0,0,1,0
fyb10524,0,0,0,0,0,0,0,0,0,1,0
fyb10525,0,0,0,1,0,0,0,0,0,1,0
fyb10526,0,0,0,1,0,0,0,0,0,1,0
fyb10531,0,0,0,1,0,0,0,0,0,1,0
fyb10532,0,0,0,1,0,0,0,0,0,1,0
fyb10536,0,0,0,0,0,0,0,0,0,1,0
fyb10543,0,0,0,1,0,0,0,0,0,1,0
fyb10544,0,0,0,0,0,0,0,0,0,1,0
fyb10547,0,0,0,0,0,0,0,0,0,1,0
fyb10550,0,0,0,0,0,0,0,0,0,1,0
fyb10559,0,0,0,0,0,0,0,0,0,1,0
fyb10568,0,0,0,0,0,0,0,0,0,1,0
fyb10569,0,0,0,0,0,0,0,0,0,1,0
fyb10580,0,0,0,0,0,0,0,0,0,1,0
fyb10584,0,0,0,1,0,0,0,0,0,1,0
fyb10587,0,0,0,0,0,0,0,0,0,1,0
fyb10588,0,0,0,0,0,0,0,0,0,1,0
fyb10589,0,0,0,0,0,0,0,0,0,1,0
fyb10594,0,0,0,0,0,0,0,0,0,1,0
fyb10595,0,0,0,0,0,0,0,0,0,1,0
fyb10597,0,0,0,0,0,0,0,0,0,1,0
fyb10598,0,0,0,0,0,0,0,0,0,1,0
fyb10600,0,0,0,0,0,0,0,0,0,1,0
fyb10602,0,0,0,0,0,0,0,0,0,1,0
fyb10603,0,0,0,0,0,0,0,0,0,1,0
fyb10613,0,0,0,0,0,0,0,0,0,1,0
fyb10619,0,0,0,0,0,0,0,0,0,1,0
fyb10631,0,0,0,0,0,0,0,0,0,1,0
fyb10634,0,0,0,1,0,0,0,0,0,1,0
fyb10635,0,0,0,0,0,0,0,0,0,1,0
fyb10636,0,0,0,0,0,0,0,0,0,1,0
fyb10637,0,0,0,0,0,0,0,0,0,1,0
fyb10641,0,0,0,0,0,0,0,0,0,1,0
fyb10642,0,0,0,0,0,0,0,0,0,1,0
fyb10649,0,0,0,0,0,0,0,0,0,1,0
fyb10650,0,0,0,1,0,0,0,0,0,1,0
fyb10654,1,0,0,0,0,0,0,0,0,1,0
fyb10655,0,0,0,1,0,0,0,0,0,1,0
fyb10658,0,0,0,1,0,0,0,0,0,1,0
fyb10666,0,0,0,1,0,0,0,0,0,1,0
fyb10674,0,0,0,1,0,0,0,0,0,1,0
fyb10683,0,0,0,0,0,0,0,0,0,1,0
fyb10687,0,0,0,0,0,0,0,0,0,1,0
fyb10688,0,0,0,1,0,0,0,0,0,1,0
fyb10689,0,0,0,1,0,0,0,0,0,1,0
fyb10690,0,0,0,0,0,0,0,0,0,1,0
fyb10692,0,0,0,0,0,0,0,0,0,1,0
fyb10694,0,0,0,0,0,0,0,0,0,1,0
fyb10696,0,0,0,0,0,0,0,0,0,1,0
fyb10697,0,0,0,1,0,0,0,0,0,1,0
fyb10700,0,0,0,0,0,0,0,0,0,1,0
fyb10702,0,0,0,0,0,0,0,0,0,1,0
fyb10713,0,0,0,0,0,0,0,0,0,1,0
fyb10714,0,0,0,0,0,0,0,0,0,1,0
fyb10720,1,0,0,1,0,0,0,0,0,1,0
fyb10721,0,0,0,0,0,0,0,0,0,1,0
fyb10722,0,0,0,0,0,0,0,0,0,1,0
fyb10723,0,0,0,0,0,0,0,0,0,1,0
fyb10725,0,0,0,0,0,0,0,0,0,1,0
fyb10733,0,0,0,0,0,0,0,0,0,1,0
fyb10736,0,0,0,0,0,0,0,0,0,1,0
fyb10737,0,0,0,0,0,0,0,0,0,1,0
fyb10738,0,0,0,0,0,0,0,0,0,1,0
fyb10743,0,0,0,0,0,0,0,0,0,1,0
fyb10745,0,0,0,0,0,0,0,0,0,1,0
fyb10749,0,0,0,1,0,0,0,0,0,1,0
fyb10752,0,0,0,0,0,0,0,0,0,1,0
fyb10753,0,0,0,0,0,0,0,0,0,1,0
fyb10760,0,0,0,0,0,0,0,0,0,1,0
fyb10786,0,0,0,0,0,0,0,0,0,1,0
fyb10789,0,0,0,0,0,0,0,0,0,1,0
fyb10805,0,0,0,1,0,0,0,0,0,1,0
fyb10815,0,0,0,0,0,0,0,0,0,1,0
fyb10856,0,0,0,0,0,0,0,0,0,1,0
fyb10911,0,0,0,0,0,0,0,0,0,1,0
fyb10912,0,0,0,0,0,0,0,0,0,1,0
fyb10913,0,0,0,0,0,0,0,0,0,1,0
fyb10920,0,0,0,0,0,0,0,0,0,1,0
fyb10921,0,0,0,0,0,0,0,0,0,1,0
fyb10925,0,0,0,0,0,0,0,0,0,1,0
fyb10927,0,0,0,0,0,0,0,0,0,1,0
fyb10950,0,0,0,0,0,0,0,0,0,1,0
fyb10953,0,0,0,0,0,0,0,0,0,1,0
fyb10955,0,0,0,0,0,0,0,0,0,1,0
fyb10956,0,0,0,1,0,0,0,0,0,1,0
fyb10957,0,0,0,0,0,0,0,0,0,1,0
fyb10962,0,0,0,0,0,0,0,0,0,1,0
fyb10963,0,0,0,0,0,0,0,0,0,1,0
fyb10965,0,0,0,0,0,0,0,0,0,1,0
fyb10976,0,0,0,0,0,0,0,0,0,1,0
fyb10980,0,0,0,1,0,0,0,0,0,1,0
fyb10981,0,0,0,1,0,0,0,0,0,1,0
fyb10984,0,0,0,1,0,0,0,0,0,1,0
fyb10987,0,0,0,0,0,0,0,0,0,1,0
fyb10996,0,0,0,1,0,0,0,0,0,1,0
fyb11003,0,0,0,1,0,0,0,0,0,1,0
fyb11014,0,0,0,0,0,0,0,0,0,1,0
fyb11017,0,0,0,0,0,0,0,0,0,1,0
fyb11019,0,0,0,0,0,0,0,0,0,1,0
fyb11038,0,0,0,1,0,0,0,0,0,1,0
fyb11052,0,0,0,0,0,0,0,0,0,1,0
fyb11053,0,0,0,0,0,0,0,0,0,1,0
fyb11056,0,0,0,0,0,0,0,0,0,1,0
fyb11059,0,0,0,1,0,0,0,0,0,1,0
fyb11074,0,0,0,1,0,0,0,0,0,1,0
fyb11076,0,0,0,1,0,0,0,0,0,1,0
fyb11079,0,0,0,0,0,0,0,0,0,1,0
fyb11082,0,0,0,0,0,0,0,0,0,1,0
fyb11089,0,0,0,1,0,0,0,0,0,1,0
fyb11100,0,0,0,0,0,0,0,0,0,1,0
fyb11102,0,0,0,0,0,0,0,0,0,1,0
fyb11104,0,0,0,0,0,0,0,0,0,1,0
fyb11107,0,0,0,0,0,0,0,0,0,1,0
fyb11108,0,0,0,0,0,0,0,0,0,1,0
fyb11109,0,0,0,0,0,0,0,0,0,1,0
fyb11116,0,0,0,0,0,0,0,0,0,1,0
fyb11121,0,0,0,0,0,0,0,0,0,1,0
fyb11126,0,0,0,0,0,0,0,0,0,1,0
fyb11129,0,0,0,0,0,0,0,0,0,1,0
fyb11130,0,0,0,0,0,0,0,0,0,1,0
fyb11131,0,0,0,0,0,0,0,0,0,1,0
fyb11135,0,0,0,0,0,0,0,0,0,1,0
fyb11140,0,0,0,0,0,0,0,0,0,1,0
fyb11141,0,0,0,0,0,0,0,0,0,1,0
fyb11143,0,0,0,0,0,0,0,0,0,1,0
fyb11149,0,0,0,0,0,0,0,0,0,1,0
fyb11159,0,0,0,0,0,0,0,0,0,1,0
fyb11162,0,0,0,0,0,0,0,0,0,1,0
fyb11163,0,0,0,0,0,0,0,0,0,1,0
fyb11172,0,0,0,0,0,0,0,0,0,1,0
fyb11173,0,0,0,0,0,0,0,0,0,1,0
fyb11174,0,0,0,0,0,0,0,0,0,1,0
fyb11175,0,0,0,0,0,0,0,0,0,1,0
fyb11177,0,0,0,0,0,0,0,0,0,1,0
fyb11179,0,0,0,0,0,0,0,0,0,1,0
fyb11181,0,0,0,0,0,0,0,0,0,1,0
fyb11182,0,0,0,0,0,0,0,0,0,1,0
fyb11183,0,0,0,0,0,0,0,0,0,1,0
fyb11186,0,0,0,0,0,0,0,0,0,1,0
fyb11187,0,0,0,0,0,0,0,0,0,1,0
fyb11188,0,0,0,0,0,0,0,0,0,1,0
fyb11197,0,0,0,0,0,0,0,0,0,1,0
fyb11199,0,0,0,0,0,0,0,0,0,1,0
fyb11200,0,0,0,0,0,0,0,0,0,1,0
fyb11203,0,0,0,0,0,0,0,0,0,1,0
fyb11206,0,0,0,0,0,0,0,0,0,1,0
fyb11207,0,0,0,0,0,0,0,0,0,1,0
fyb11209,0,0,0,0,0,0,0,0,0,1,0
fyb11210,0,0,0,0,0,0,0,0,0,1,0
fyb11211,0,0,0,0,0,0,0,0,0,1,0
fyb11212,0,0,0,0,0,0,0,0,0,1,0
fyb11213,0,0,0,0,0,0,0,0,0,1,0
fyb11214,0,0,0,0,0,0,0,0,0,1,0
fyb11218,0,0,0,0,0,0,0,0,0,1,0
fyb11219,0,0,0,0,0,0,0,0,0,1,0
fyb11223,0,0,0,1,0,0,0,0,0,1,0
fyb11228,0,0,0,1,0,0,0,0,0,1,0
fyb11229,0,0,0,0,0,0,0,0,0,1,0
fyb11231,0,0,0,0,0,0,0,0,0,1,0
fyb11235,0,0,0,0,0,0,0,0,0,1,0
fyb11239,0,0,0,0,0,0,0,0,0,1,0
fyb11257,0,0,0,0,0,0,0,0,0,1,0
fyb11271,0,0,0,0,0,0,0,0,0,1,0
fyb11272,0,0,0,0,0,0,0,0,0,1,0
fyb11278,0,0,0,0,0,0,0,0,0,1,0
fyb11280,0,0,0,0,0,0,0,0,0,1,0
fyb11281,0,0,0,0,0,0,0,0,0,1,0
fyb11282,0,0,0,0,0,0,0,0,0,1,0
fyb11284,0,0,0,0,0,0,0,0,0,1,0
fyb11287,0,0,0,0,0,0,0,0,0,1,0
fyb11290,0,0,0,1,0,0,0,0,0,1,0
fyb11291,0,0,0,0,0,0,0,0,0,1,0
fyb11292,0,0,0,0,0,0,0,0,0,1,0
fyb11337,0,0,0,0,0,0,0,0,0,1,0
fyb11339,0,0,0,0,0,0,0,0,0,1,0
fyb11345,0,0,0,0,0,0,0,0,0,1,0
fyb11372,0,0,0,0,0,0,0,0,0,1,0
fyb11373,0,0,0,0,0,0,0,0,0,1,0
fyb11383,0,0,0,0,0,0,0,0,0,1,0
fyb11385,0,0,0,0,0,0,0,0,0,1,0
fyb11393,0,0,0,1,0,0,0,0,0,1,0
fyb11394,0,0,0,0,0,0,0,0,0,1,0
fyb11398,0,0,0,0,0,0,0,0,0,1,0
fyb11407,0,0,0,0,0,0,0,0,0,1,0
fyb11409,0,0,0,0,0,0,0,0,0,1,0
fyb11416,0,0,0,0,0,0,0,0,0,1,0
fyb11439,0,0,0,0,0,0,0,0,0,1,0
fyb11497,0,0,0,1,0,0,0,0,0,1,0
fyb11500,0,0,0,0,0,0,0,0,0,1,0
fyb11501,0,0,0,0,0,0,0,0,0,1,0
fyb11502,0,0,0,1,0,0,0,0,0,1,0
fyb11505,0,0,0,1,0,0,0,0,0,1,0
fyb11510,0,0,0,1,0,0,0,0,0,1,0
fyb11512,0,0,0,1,0,0,0,0,0,1,0
fyb11536,0,0,0,1,0,0,0,0,0,1,0
fyb11543,0,0,0,1,0,0,0,0,0,1,0
fyb11549,0,0,0,1,0,0,0,0,0,1,0
fyb11551,0,0,0,1,0,0,0,0,0,1,0
fyb11556,0,0,0,0,0,0,0,0,0,1,0
fyb11558,0,0,0,1,0,0,0,0,0,1,0
fyb11571,0,0,0,1,0,0,0,0,0,1,0
fyb11575,0,0,0,0,0,0,0,0,0,1,0
fyb11576,0,0,0,0,0,0,0,0,0,1,0
fyb11584,0,0,0,0,0,0,0,0,0,1,0
fyb11585,0,0,0,1,0,0,0,0,0,1,0
fyb11592,0,0,0,0,0,0,0,0,0,1,0
fyb11594,0,0,0,0,0,0,0,0,0,1,0
fyb11595,0,0,0,1,0,0,0,0,0,1,0
fyb11607,0,0,0,1,0,0,0,0,0,1,0
fyb11611,0,0,0,1,0,0,0,0,0,1,0
fyb11612,0,0,0,1,0,0,0,0,0,1,0
fyb11629,0,0,0,1,0,0,0,0,0,1,0
fyb11645,0,0,0,1,0,0,0,0,0,1,0
fyb11650,0,0,0,1,0,0,0,0,0,1,0
fyb11666,0,0,0,1,0,0,0,0,0,1,0
fyb11667,0,0,0,1,0,0,0,0,0,1,0
fyb11686,0,0,0,1,0,0,0,0,0,1,0
fyb11689,0,0,0,1,0,0,0,0,0,1,0
fyb11690,0,0,0,0,0,0,0,0,0,1,0
fyb11697,0,0,0,1,0,0,0,0,0,1,0
ddfgf20165,1,0,0,0,0,0,0,1,0,1,1
ddfgf20171,0,0,0,0,0,0,0,1,0,1,1
ddfgf20172,0,1,0,1,0,0,0,1,0,0,1
ddfgf20175,1,1,0,1,0,0,0,0,0,1,1
ddfgf20183,1,1,0,0,0,0,0,1,0,1,1
ddfgf20188,0,0,0,1,0,0,0,0,0,1,1
ddfgf20203,0,0,0,0,0,0,0,0,0,1,1
ddfgf20205,0,1,0,0,0,0,0,1,0,1,1
ddfgf20207,1,0,0,0,0,0,0,0,0,1,1
djsgf20125,1,0,0,0,0,0,0,0,0,1,1
djsgf20129,0,1,0,0,0,0,0,1,0,0,1
dnypl15010,0,0,0,0,0,0,0,0,0,1,1
dnypl15011,1,0,0,0,0,0,0,0,0,1,1
dnypl15030,0,1,0,1,0,0,0,0,0,1,1
dnypl15034,1,0,0,1,0,0,0,0,0,1,1
dnypl15035,1,0,0,1,0,0,0,0,0,1,1
dnypl15054,0,1,0,1,0,0,0,0,0,0,1
dnypl15065,0,0,0,1,0,0,0,1,0,1,1
dnypl15067,0,0,0,0,1,0,0,1,0,1,1
dnypl15084,0,1,0,0,0,0,0,0,0,0,1
dnypl15085,0,0,0,0,0,0,0,1,0,0,1
dqxgpl15107,1,1,0,1,0,0,0,0,0,0,1
dqxgpl15117,0,1,0,1,0,0,0,0,0,0,1
dwnpl15136,0,0,0,1,0,0,0,0,0,1,1
dzjwv15236,1,1,0,1,0,0,0,1,0,1,1
dzjwv15238,0,0,0,1,0,0,0,0,0,1,1
dzjwv15271,1,0,0,0,0,0,0,0,0,1,1
fyb10058,0,1,0,1,0,0,0,1,0,0,1
fyb10100,0,0,0,1,0,0,0,0,0,0,1
fyb10221,0,1,0,1,0,0,0,0,0,1,1
fyb10293,0,0,0,1,0,0,0,1,0,1,1
fyb10310,1,1,0,0,0,0,0,0,0,1,1
fyb10405,1,1,0,1,0,0,0,0,0,1,1
fyb10464,1,1,0,0,0,0,0,1,0,1,1
fyb10567,0,1,0,0,0,0,0,1,0,1,1
fyb10614,0,1,0,1,0,0,0,0,0,0,1
fyb10623,0,0,0,0,0,0,0,0,0,0,1
fyb10624,0,1,0,0,0,0,0,1,0,1,1
fyb10625,0,1,0,1,0,0,0,1,0,1,1
fyb10665,0,1,0,1,0,0,0,1,0,1,1
fyb10671,0,1,0,1,0,0,0,1,0,1,1
fyb10751,0,0,0,1,0,0,0,0,0,0,1
fyb10803,0,0,0,0,0,0,0,1,0,1,1
fyb10804,0,0,0,0,1,0,0,1,0,0,1
fyb10806,0,0,0,0,1,0,0,0,0,0,1
fyb10825,0,1,0,1,0,0,0,0,0,1,1
fyb10888,0,1,0,1,0,0,0,1,0,1,1
fyb10904,0,0,0,1,0,0,0,0,0,0,1
fyb10989,0,1,0,1,0,0,0,1,0,1,1
fyb11001,0,0,0,1,0,0,0,1,0,0,1
fyb11047,0,1,0,1,0,0,0,1,0,1,1
fyb11073,0,1,0,1,0,0,0,1,0,1,1
fyb11095,0,0,0,1,0,0,0,0,0,0,1
fyb11117,0,0,0,0,0,0,0,0,0,1,1
fyb11124,0,1,0,1,0,0,0,0,0,0,1
fyb11145,0,1,0,1,0,0,0,0,0,0,1
fyb11160,0,1,0,1,0,0,0,0,0,1,1
fyb11161,0,1,0,1,0,0,0,0,0,1,1
fyb11216,1,1,0,0,1,0,0,1,0,1,1
fyb11301,0,0,0,1,0,0,0,0,0,0,1
fyb11320,0,0,0,1,0,0,0,0,0,1,1
fyb11344,0,0,0,0,0,0,0,0,0,1,1
fyb11356,0,1,0,1,0,0,0,1,0,1,1
fyb11360,0,1,0,1,0,0,0,1,0,1,1
fyb11361,0,1,0,1,0,0,0,1,0,1,1
fyb11384,0,1,0,0,0,0,0,1,0,1,1
fyb11386,0,1,0,1,0,0,0,0,0,1,1
fyb11387,0,0,0,0,1,0,0,0,0,0,1
fyb11421,0,1,0,1,0,0,0,1,0,1,1
fyb11423,0,1,0,1,0,0,0,1,0,1,1
fyb11425,0,1,0,1,0,0,0,1,0,0,1
fyb11478,0,0,0,1,0,0,0,0,0,0,1
fyb11610,0,0,0,1,0,0,0,0,0,0,1
